Sorszám;Munka;Neme;Életkor;Megvalósító vagy célkijelölő;Életciklus;Sorstípus;Sérult-e Nap;Sérült-e a Hold;Hyleg;Anaréta;1. ház jegye;2. ház jegye;3. ház jegye;4. ház jegye;5. ház jegye;6. ház jegye;7. ház jegye;8. ház jegye;9. ház jegye;10. ház jegye;11. ház jegye;12. ház jegye;nap jegye;hold jegye;merkúr jegye;vénusz jegye;mars jegye;jupiter jegye;szaturnusz jegye;uránusz jegye;neptun jegye;pluto jegye;1. ház urának háza;2. ház urának háza;3. ház urának háza;4. ház urának háza;5. ház urának háza;6. ház urának háza;7. ház urának háza;8. ház urának háza;9. ház urának háza;10. ház urának háza;11. ház urának háza;12. ház urának háza;nap háza;hold háza;merkúr háza;vénusz háza;mars háza;jupiter háza;szaturnusz háza;uránusz háza;neptun háza;pluto háza;nap <fényszög> hold;nap <fényszög> merkur;nap <fényszög> venusz;nap <fényszög> mars;nap <fényszög> jupiter;nap <fényszög> szaturnusz;nap <fényszög> uranusz;nap <fényszög> neptun;nap <fényszög> pluto;hold <fényszög> merkur;hold <fényszög> venusz;hold <fényszög> mars;hold <fényszög> jupiter;hold <fényszög> szaturnusz;hold <fényszög> uranusz;hold <fényszög> neptun;hold <fényszög> pluto;merkur <fényszög> venusz;merkur <fényszög> mars;merkur <fényszög> jupiter;merkur <fényszög> szaturnusz;merkur <fényszög> uranusz;merkur <fényszög> neptun;merkur <fényszög> pluto;venusz <fényszög> mars;venusz <fényszög> jupiter;venusz <fényszög> szaturnusz;venusz <fényszög> uranusz;venusz <fényszög> neptun;venusz <fényszög> pluto;mars <fényszög> jupiter;mars <fényszög> szaturnusz;mars <fényszög> uranusz;mars <fényszög> neptun;mars <fényszög> pluto;jupiter <fényszög> szaturnusz;jupiter <fényszög> uranusz;jupiter <fényszög> neptun;jupiter <fényszög> pluto;szaturnusz <fényszög> uranusz;szaturnusz <fényszög> neptun;szaturnusz <fényszög> pluto;uranusz <fényszög> neptun;uranusz <fényszög> pluto;neptun <fényszög> pluto
1;['informatikus', 'programozó'];férfi;20;célkijelölő;hold-mars;önfeláldozó vagy áldozat;- nap;a hold nem sérült;ASC;Nincs anaréta;bak;vízöntő;kos;bika;bika;ikrek;rák;oroszlán;mérleg;skorpió;skorpió;nyilas;oroszlán;szűz;szűz;rák;nyilas;rák;ikrek;vízöntő;vízöntő;nyilas;nincs hazur;6;12;7;7;8;8;8;nincs hazur;nincs hazur;nincs hazur;nincs hazur;8;8;8;7;12;7;6;2;1;12;konjukcio;-;-;trigon;-;-;oppozicio;-;-;konjukcio;-;-;-;-;-;-;-;-;-;-;kvadrat;-;-;kvadrat;-;-;-;-;-;-;-;oppozicio;-;-;-;-;-;-;-;-;trigon;oppozicio;-;-;-
2;[];nő;20;célkijelölő;hold-vénusz;kiszolgáltatott;+ nap;- hold;ASC;Nincs anaréta;bak;halak;kos;bika;ikrek;rák;rák;szűz;mérleg;skorpió;nyilas;bak;ikrek;nyilas;ikrek;bika;nyilas;ikrek;ikrek;vízöntő;vízöntő;nyilas;nincs hazur;5;nincs hazur;3;nincs hazur;12;12;6;nincs hazur;12;nincs hazur;nincs hazur;5;12;6;3;12;5;4;1;1;12;-;-;-;-;konjukcio;-;-;trigon;oppozicio;oppozicio;-;konjukcio;oppozicio;-;-;-;-;-;oppozicio;konjukcio;-;trigon;-;-;-;-;-;-;-;-;oppozicio;-;-;-;-;-;trigon;-;oppozicio;-;trigon;oppozicio;-;-;-
3;[];férfi;18;célkijelölő;hold-mars;önfeláldozó vagy áldozat;- nap;a hold nem sérült;hold;Nincs anaréta;mérleg;mérleg;skorpió;bak;vízöntő;halak;kos;kos;bika;rák;oroszlán;szűz;kos;kos;kos;ikrek;ikrek;szűz;rák;halak;vízöntő;nyilas;nincs hazur;nincs hazur;9;nincs hazur;10;12;nincs hazur;nincs hazur;9;7;8;8;8;7;8;9;9;12;10;6;5;3;-;konjukcio;-;-;-;-;-;-;trigon;konjukcio;-;-;-;-;-;-;trigon;-;-;-;-;-;-;trigon;konjukcio;kvadrat;-;kvadrat;trigon;-;-;-;-;trigon;oppozicio;-;oppozicio;-;-;trigon;-;-;-;-;-
4;['informatikus', 'programozó'];férfi;20;célkijelölő;hold-mars;önfeláldozó vagy áldozat;a nap nem sérült;a hold nem sérült;nap;asc (oppozíció);szűz;mérleg;skorpió;nyilas;bak;vízöntő;halak;kos;bika;ikrek;rák;oroszlán;halak;halak;halak;kos;bika;rák;ikrek;vízöntő;vízöntő;nyilas;nincs hazur;8;9;nincs hazur;9;nincs hazur;10;nincs hazur;nincs hazur;6;7;7;7;7;6;8;9;10;9;6;5;4;konjukcio;-;-;-;-;-;-;-;kvadrat;-;-;-;-;-;-;-;kvadrat;-;-;trigon;kvadrat;konjukcio;-;-;-;kvadrat;-;-;-;-;-;-;-;kvadrat;-;-;-;-;-;-;trigon;-;-;-;-
5;['földműves', 'biztonsági őr'];férfi;50;megvalósitó;jupiter;önfeláldozó vagy áldozat;a nap nem sérült;+ hold;nap;hold (oppozíció);vízöntő;halak;bika;bika;ikrek;rák;oroszlán;szűz;skorpió;skorpió;nyilas;bak;szűz;halak;oroszlán;szűz;vízöntő;skorpió;ikrek;mérleg;nyilas;szűz;4;10;nincs hazur;nincs hazur;7;1;7;nincs hazur;nincs hazur;nincs hazur;nincs hazur;nincs hazur;7;1;7;7;1;10;4;8;10;8;oppozicio;-;konjukcio;-;-;kvadrat;-;-;-;-;oppozicio;-;-;-;-;-;-;-;-;kvadrat;-;-;kvadrat;-;-;-;-;-;-;-;-;trigon;-;-;-;oppozicio;-;konjukcio;-;trigon;oppozicio;trigon;-;-;-
6;[];férfi;22;célkijelölő;nap;kiszolgáltatott;- nap;+ hold;ASC;Nincs anaréta;nyilas;bak;vízöntő;kos;kos;bika;ikrek;rák;oroszlán;mérleg;mérleg;skorpió;oroszlán;kos;rák;szűz;skorpió;bika;bika;vízöntő;vízöntő;nyilas;nincs hazur;5;nincs hazur;nincs hazur;nincs hazur;9;nincs hazur;5;8;nincs hazur;nincs hazur;11;8;5;8;9;11;5;5;2;2;1;-;-;-;kvadrat;kvadrat;kvadrat;oppozicio;-;-;kvadrat;-;-;-;-;-;kvadrat;-;-;-;kvadrat;-;-;oppozicio;-;-;trigon;-;-;-;-;-;oppozicio;-;-;-;-;-;kvadrat;-;kvadrat;-;-;-;-;-
7;[];nő;0;célkijelölő;hold;kiszolgáltatott;+ nap;- hold;ASC;Nincs anaréta;rák;oroszlán;szűz;mérleg;skorpió;nyilas;bak;vízöntő;halak;kos;bika;ikrek;skorpió;vízöntő;skorpió;bak;skorpió;vízöntő;vízöntő;bika;halak;bak;8;5;nincs hazur;nincs hazur;nincs hazur;nincs hazur;nincs hazur;7;8;5;6;5;5;8;5;6;5;8;7;11;9;7;kvadrat;-;-;-;kvadrat;-;oppozicio;trigon;-;-;-;-;konjukcio;-;-;-;-;-;konjukcio;-;kvadrat;oppozicio;-;-;-;-;-;trigon;-;-;-;kvadrat;oppozicio;-;-;-;-;-;-;kvadrat;-;-;-;-;-
8;['vendéglátás'];nő;19;megvalósitó;hold-vénusz;önfeláldozó vagy áldozat;a nap nem sérült;a hold nem sérült;ASC;Nincs anaréta;szűz;mérleg;skorpió;nyilas;bak;vízöntő;halak;kos;bika;ikrek;rák;oroszlán;nyilas;mérleg;nyilas;skorpió;mérleg;oroszlán;ikrek;vízöntő;vízöntő;nyilas;3;2;2;11;10;nincs hazur;nincs hazur;nincs hazur;nincs hazur;nincs hazur;2;3;3;2;3;2;2;11;10;6;5;3;-;-;-;-;-;-;-;-;-;-;-;konjukcio;-;-;trigon;-;-;-;-;-;-;-;-;konjukcio;konjukcio;-;-;trigon;kvadrat;-;-;-;trigon;-;-;-;oppozicio;-;-;trigon;-;-;-;-;-
9;[];nő;24;megvalósító;hold;kiszolgáltatott;+ nap;a hold nem sérült;nap;szaturnusz (kvadrát);mérleg;skorpió;nyilas;bak;vízöntő;halak;kos;bika;ikrek;rák;oroszlán;szűz;rák;szűz;oroszlán;oroszlán;mérleg;vízöntő;kos;vízöntő;bak;nyilas;10;1;5;nincs hazur;7;nincs hazur;nincs hazur;nincs hazur;10;11;9;nincs hazur;9;11;10;10;1;5;7;4;4;2;-;-;-;-;-;kvadrat;-;-;-;-;-;-;-;-;-;-;-;-;-;-;-;oppozicio;oppozicio;-;-;oppozicio;trigon;oppozicio;-;-;-;-;trigon;-;-;-;-;-;-;-;-;-;-;-;-
10;['testnevelő', 'tanár'];férfi;52;célkijelölő;jupiter;önfeláldozó;a nap nem sérült;a hold nem sérült;nap;mars (oppozíció);oroszlán;szűz;mérleg;skorpió;nyilas;bak;vízöntő;halak;kos;bika;ikrek;rák;ikrek;vízöntő;ikrek;kos;nyilas;szűz;bika;szűz;skorpió;szűz;11;nincs hazur;nincs hazur;nincs hazur;nincs hazur;nincs hazur;10;2;4;9;10;7;11;7;10;9;4;2;10;2;4;2;trigon;-;-;oppozicio;-;-;-;-;-;-;-;-;-;-;-;kvadrat;-;-;oppozicio;-;-;-;oppozicio;-;-;-;konjukcio;-;-;-;-;-;-;-;-;-;konjukcio;-;konjukcio;-;-;-;-;konjukcio;-
11;[];nő;19;célkijelölő;hold-vénusz;kiszolgáltatott;+ nap;a hold nem sérült;nap;Nincs anaréta;nyilas;bak;vízöntő;halak;kos;bika;ikrek;rák;oroszlán;szűz;mérleg;skorpió;mérleg;nyilas;mérleg;skorpió;szűz;oroszlán;ikrek;vízöntő;vízöntő;nyilas;9;nincs hazur;7;nincs hazur;10;12;nincs hazur;1;11;10;nincs hazur;nincs hazur;11;1;10;12;10;9;7;3;2;1;-;-;-;-;-;-;-;-;-;-;-;-;-;oppozicio;-;-;-;-;konjukcio;-;kvadrat;-;-;-;-;kvadrat;-;-;-;-;-;kvadrat;-;-;-;-;-;oppozicio;-;trigon;-;-;-;-;-
12;['ételfutár', 'biztonsági őr', 'műcészeti festő'];nő;52;célkijelölő;jupiter;önfeláldozó vagy áldozat;a nap nem sérült;- hold;ASC;Nincs anaréta;vízöntő;kos;bika;ikrek;rák;rák;oroszlán;mérleg;skorpió;nyilas;bak;bak;bika;skorpió;bika;bika;ikrek;skorpió;bika;mérleg;nyilas;szűz;nincs hazur;3;nincs hazur;3;8;8;2;3;nincs hazur;8;2;2;2;8;3;3;3;8;2;7;9;7;oppozicio;-;-;-;oppozicio;-;-;-;-;-;-;-;konjukcio;oppozicio;-;-;-;konjukcio;-;-;-;-;-;trigon;-;-;-;-;oppozicio;trigon;-;-;trigon;oppozicio;trigon;-;-;-;-;-;-;-;-;-;-
13;[];férfi;20;megvalósitó;hold-mars;kiszolgáltatott;a nap nem sérült;+ hold;nap;hold (oppozíció);szűz;szűz;mérleg;skorpió;nyilas;vízöntő;halak;halak;kos;bika;ikrek;oroszlán;rák;bak;ikrek;bika;nyilas;ikrek;ikrek;vízöntő;vízöntő;nyilas;10;10;10;4;nincs hazur;10;11;11;nincs hazur;nincs hazur;nincs hazur;11;11;5;10;10;4;11;10;6;6;4;oppozicio;-;-;-;-;-;-;-;-;-;-;-;-;-;-;-;-;-;oppozicio;konjukcio;-;trigon;-;-;-;-;-;kvadrat;-;-;-;oppozicio;-;-;konjukcio;-;trigon;-;-;-;trigon;oppozicio;-;-;-
14;['informatikus'];nő;20;megvalósitó;hold-vénusz;önfeláldozó;a nap nem sérült;- hold;ASC;Nincs anaréta;szűz;mérleg;mérleg;nyilas;bak;vízöntő;halak;kos;kos;ikrek;rák;oroszlán;kos;oroszlán;halak;kos;bika;rák;ikrek;vízöntő;vízöntő;nyilas;7;8;8;nincs hazur;10;nincs hazur;11;nincs hazur;nincs hazur;nincs hazur;12;8;8;12;7;8;9;11;10;6;6;4;-;-;-;-;kvadrat;-;-;-;-;-;trigon;kvadrat;-;-;oppozicio;-;-;-;-;-;-;-;-;kvadrat;-;-;-;-;-;trigon;-;-;-;kvadrat;-;-;-;-;-;-;trigon;oppozicio;-;-;-
15;[];nő;20;célkijelölő;hold-vénusz;még nem tudjuk kiszámolni;a nap nem sérült;a hold nem sérült;hold;asc (oppozíció);nyilas;bak;vízöntő;halak;kos;bika;ikrek;rák;oroszlán;szűz;mérleg;skorpió;ikrek;ikrek;ikrek;bika;nyilas;ikrek;ikrek;vízöntő;vízöntő;nyilas;nincs hazur;7;nincs hazur;7;nincs hazur;6;nincs hazur;7;8;7;nincs hazur;1;8;7;7;6;1;7;7;3;2;1;-;konjukcio;-;oppozicio;konjukcio;-;trigon;-;-;-;-;-;-;konjukcio;-;trigon;-;-;oppozicio;konjukcio;-;trigon;-;-;-;-;-;-;kvadrat;-;oppozicio;-;-;-;konjukcio;-;trigon;-;-;-;trigon;oppozicio;-;-;-
16;['szülésznő'];nő;20;célkijelölő;hold-vénusz;önfeláldozó;a nap nem sérült;a hold nem sérült;ASC;Nincs anaréta;ikrek;rák;oroszlán;oroszlán;mérleg;skorpió;nyilas;bak;vízöntő;vízöntő;kos;bika;skorpió;rák;mérleg;mérleg;vízöntő;rák;ikrek;vízöntő;vízöntő;nyilas;nincs hazur;2;6;6;nincs hazur;9;2;nincs hazur;1;1;nincs hazur;5;6;2;5;5;9;2;1;9;9;6;trigon;-;-;kvadrat;trigon;-;kvadrat;-;-;kvadrat;kvadrat;-;konjukcio;-;-;-;-;konjukcio;-;-;-;trigon;kvadrat;-;-;-;-;trigon;-;-;-;-;-;konjukcio;-;-;-;-;-;-;-;oppozicio;-;-;-
17;['testnevelő tanár'];férfi;21;célkijelölő;nap;önfeláldozó;a nap nem sérült;a hold nem sérült;ASC;Nincs anaréta;nyilas;bak;vízöntő;halak;kos;bika;ikrek;rák;oroszlán;szűz;mérleg;skorpió;halak;halak;vízöntő;kos;nyilas;ikrek;bika;vízöntő;vízöntő;nyilas;nincs hazur;nincs hazur;6;6;nincs hazur;nincs hazur;nincs hazur;3;3;2;4;1;3;3;2;4;1;6;6;3;2;1;konjukcio;-;-;kvadrat;kvadrat;-;-;-;-;-;-;kvadrat;kvadrat;kvadrat;-;-;-;-;-;-;-;konjukcio;-;-;-;-;-;-;-;trigon;oppozicio;-;-;-;-;konjukcio;-;trigon;-;kvadrat;-;-;-;-;-
18;['magasugró sportoló'];nő;20;megvalósitó;hold-vénusz;még nem tudjuk kiszámolni;+ nap;a hold nem sérült;ASC;Nincs anaréta;kos;ikrek;ikrek;rák;oroszlán;szűz;mérleg;nyilas;nyilas;bak;vízöntő;halak;kos;kos;kos;bika;bika;rák;ikrek;vízöntő;vízöntő;nyilas;nincs hazur;nincs hazur;nincs hazur;1;1;1;nincs hazur;nincs hazur;nincs hazur;nincs hazur;2;3;1;1;1;1;2;3;2;11;11;8;konjukcio;konjukcio;-;-;-;-;-;-;-;-;-;-;kvadrat;-;-;-;-;-;-;-;-;-;-;-;-;-;-;-;-;-;-;-;-;-;-;-;-;-;-;-;-;oppozicio;-;-;-
19;[];férfi;20;célkijelölő;hold-mars;kiszolgáltatott;a nap nem sérült;+ hold;ASC;Nincs anaréta;skorpió;nyilas;bak;vízöntő;halak;kos;bika;ikrek;rák;oroszlán;szűz;mérleg;skorpió;halak;mérleg;mérleg;vízöntő;rák;ikrek;vízöntő;vízöntő;nyilas;3;nincs hazur;nincs hazur;8;9;nincs hazur;12;nincs hazur;5;1;12;nincs hazur;1;5;12;12;3;9;8;4;3;2;-;-;-;kvadrat;-;-;-;kvadrat;-;-;-;-;trigon;kvadrat;-;-;kvadrat;konjukcio;-;kvadrat;trigon;-;-;-;-;kvadrat;trigon;-;-;-;-;-;-;konjukcio;-;-;-;-;-;trigon;-;oppozicio;-;-;-
20;['villanyszerelő'];férfi;44;célkijelölő;nap-mars;önfeláldozó;a nap nem sérült;a hold nem sérült;ASC;Nincs anaréta;nyilas;bak;vízöntő;kos;kos;bika;ikrek;rák;oroszlán;mérleg;mérleg;skorpió;bika;oroszlán;kos;ikrek;oroszlán;rák;oroszlán;skorpió;nyilas;mérleg;nincs hazur;nincs hazur;9;nincs hazur;nincs hazur;nincs hazur;5;8;6;7;7;8;6;8;5;7;8;7;9;11;1;10;-;-;-;-;-;kvadrat;-;-;-;-;-;konjukcio;-;-;kvadrat;-;-;-;-;-;trigon;-;-;-;-;-;-;-;oppozicio;trigon;-;-;kvadrat;-;-;-;-;-;-;-;-;-;-;-;-
21;['tanár'];nő;46;célkijelölő;nap-mars;független vagy kiszolgáltatott;a nap nem sérült;- hold;ASC;Nincs anaréta;mérleg;skorpió;nyilas;vízöntő;halak;kos;kos;bika;ikrek;oroszlán;szűz;mérleg;kos;ikrek;kos;halak;rák;bika;rák;skorpió;nyilas;mérleg;nincs hazur;9;nincs hazur;9;7;nincs hazur;nincs hazur;5;nincs hazur;6;6;nincs hazur;6;8;6;5;9;7;9;1;2;1;-;konjukcio;-;kvadrat;-;-;-;trigon;oppozicio;-;-;-;-;-;-;oppozicio;-;-;-;-;kvadrat;-;trigon;-;-;-;trigon;-;-;-;-;-;-;-;-;kvadrat;oppozicio;-;-;-;-;-;-;-;-
22;['műszaki szerelő'];férfi;78;célkijelölő;szaturnusz;önfeláldozó;a nap nem sérült;a hold nem sérült;ASC;Nincs anaréta;bak;halak;bika;bika;ikrek;rák;rák;szűz;skorpió;skorpió;nyilas;bak;kos;halak;kos;halak;ikrek;oroszlán;ikrek;ikrek;mérleg;oroszlán;5;nincs hazur;1;1;nincs hazur;2;2;2;5;5;7;5;2;2;2;1;5;7;5;4;8;7;konjukcio;konjukcio;-;kvadrat;-;-;-;oppozicio;trigon;-;-;kvadrat;-;kvadrat;-;oppozicio;-;-;-;-;-;-;oppozicio;trigon;-;-;-;kvadrat;-;-;-;konjukcio;-;kvadrat;-;-;-;-;-;-;-;-;trigon;-;-
23;[];nő;20;célkijelölő;hold-vénusz;önfeláldozó;+ nap;- hold;nap;uránusz (kvadrát);oroszlán;szűz;mérleg;skorpió;nyilas;vízöntő;vízöntő;halak;kos;bika;ikrek;oroszlán;bika;rák;ikrek;ikrek;ikrek;rák;ikrek;vízöntő;vízöntő;nyilas;10;10;nincs hazur;10;nincs hazur;nincs hazur;nincs hazur;12;nincs hazur;12;nincs hazur;10;10;12;10;12;10;12;10;7;6;4;-;-;-;-;-;-;kvadrat;-;-;-;-;-;-;-;-;-;-;-;-;-;konjukcio;-;trigon;oppozicio;konjukcio;-;-;trigon;-;-;-;konjukcio;trigon;-;oppozicio;-;-;-;-;-;trigon;oppozicio;-;-;-
24;[];nő;47;célkijelölő;nap-mars;önfeláldozó vagy áldozat;+ nap;a hold nem sérült;nap;Nincs anaréta;skorpió;nyilas;bak;vízöntő;halak;kos;bika;ikrek;rák;oroszlán;szűz;mérleg;mérleg;bika;skorpió;mérleg;mérleg;halak;rák;mérleg;nyilas;mérleg;nincs hazur;nincs hazur;9;nincs hazur;4;11;11;nincs hazur;6;11;1;nincs hazur;11;6;1;11;11;4;9;12;1;11;-;-;-;konjukcio;-;-;-;-;konjukcio;oppozicio;-;-;-;-;oppozicio;-;-;-;-;trigon;-;-;-;-;-;-;-;-;-;konjukcio;-;kvadrat;-;-;konjukcio;-;-;kvadrat;-;-;-;-;-;-;-
25;['cég felszámolás'];nő;63;megvalósító;szaturnusz;önfeláldozó vagy áldozat;a nap nem sérült;a hold nem sérült;hold;neptun (kvadrát);bak;vízöntő;kos;bika;bika;ikrek;rák;oroszlán;mérleg;skorpió;skorpió;nyilas;halak;oroszlán;kos;bika;ikrek;nyilas;bak;oroszlán;skorpió;szűz;nincs hazur;1;6;3;3;3;7;2;nincs hazur;nincs hazur;nincs hazur;11;2;7;3;3;6;11;1;7;10;8;-;-;-;-;-;kvadrat;-;-;-;trigon;-;-;trigon;-;konjukcio;kvadrat;-;-;-;-;kvadrat;trigon;-;-;-;-;trigon;-;oppozicio;trigon;-;-;-;-;-;-;-;-;kvadrat;-;-;-;kvadrat;-;-
26;['gyári segédmunkás'];nő;19;célkijelölő;hold-vénusz;önfeláldozó vagy áldozat;a nap nem sérült;- hold;nap;asc (oppozíció);szűz;mérleg;skorpió;nyilas;bak;vízöntő;halak;kos;bika;ikrek;rák;oroszlán;halak;kos;halak;vízöntő;bak;oroszlán;ikrek;vízöntő;vízöntő;nyilas;nincs hazur;nincs hazur;4;11;nincs hazur;10;nincs hazur;nincs hazur;5;6;8;7;7;8;6;5;4;11;10;6;5;4;-;-;-;-;-;kvadrat;-;-;kvadrat;-;-;trigon;-;-;-;-;trigon;-;-;-;-;konjukcio;-;-;-;oppozicio;-;-;konjukcio;-;-;-;-;-;-;-;-;oppozicio;-;trigon;-;oppozicio;-;-;-
27;['állatorvos'];férfi;20;megvalósitó;hold-mars;független vagy kiszolgáltatott;a nap nem sérült;a hold nem sérült;nap;asc (oppozíció);rák;rák;oroszlán;szűz;mérleg;nyilas;bak;bak;vízöntő;halak;kos;ikrek;bak;oroszlán;bak;bak;halak;rák;ikrek;vízöntő;vízöntő;nyilas;3;3;7;8;7;1;nincs hazur;nincs hazur;12;nincs hazur;10;nincs hazur;7;3;8;7;10;1;12;9;8;6;-;-;konjukcio;-;oppozicio;-;-;-;-;-;-;-;-;-;oppozicio;-;-;-;-;-;-;-;-;-;-;oppozicio;-;-;-;-;-;-;-;-;kvadrat;-;-;-;-;-;trigon;oppozicio;-;-;-
28;['óvónő', 'történelem tanár', 'gyógytornász'];nő;20;megvalósitó;hold-vénusz;független vagy kiszolgáltatott;+ nap;a hold nem sérült;nap;Nincs anaréta;rák;rák;oroszlán;szűz;mérleg;skorpió;bak;bak;vízöntő;halak;kos;bika;kos;rák;bika;bika;ikrek;rák;ikrek;vízöntő;vízöntő;nyilas;1;1;11;11;nincs hazur;nincs hazur;nincs hazur;nincs hazur;12;nincs hazur;12;11;11;1;11;11;12;1;12;9;8;6;-;-;-;-;-;-;-;-;-;-;-;-;konjukcio;-;-;-;-;-;-;-;-;-;kvadrat;-;-;-;-;kvadrat;-;-;-;-;kvadrat;trigon;-;-;-;-;-;-;trigon;oppozicio;-;-;-
29;['festő', 'porcelánfestő'];nő;77;megvalósitó;szaturnusz;önfeláldozó;+ nap;a hold nem sérült;hold;Nincs anaréta;vízöntő;kos;bika;ikrek;rák;rák;oroszlán;mérleg;skorpió;nyilas;bak;bak;halak;skorpió;halak;kos;vízöntő;szűz;rák;ikrek;mérleg;oroszlán;nincs hazur;1;nincs hazur;1;9;9;1;2;nincs hazur;nincs hazur;5;5;1;9;1;2;1;7;5;4;7;6;-;konjukcio;-;-;-;-;kvadrat;-;-;-;-;-;-;-;-;-;-;-;-;oppozicio;-;-;-;-;-;-;-;-;-;-;-;-;trigon;-;oppozicio;-;-;-;-;-;kvadrat;-;trigon;-;-
30;[];férfi;20;célkijelölő;hold-mars;önfeláldozó vagy áldozat;a nap nem sérült;+ hold;hold;neptun (kvadrát);szűz;mérleg;skorpió;nyilas;bak;vízöntő;halak;kos;bika;ikrek;rák;oroszlán;mérleg;bika;mérleg;szűz;bak;rák;ikrek;vízöntő;vízöntő;nyilas;nincs hazur;1;4;nincs hazur;10;nincs hazur;10;nincs hazur;nincs hazur;2;9;2;2;9;2;1;4;10;10;6;5;4;-;-;-;kvadrat;-;-;-;trigon;-;-;-;trigon;-;-;-;kvadrat;-;-;-;-;-;trigon;kvadrat;-;trigon;-;-;-;-;kvadrat;oppozicio;-;-;-;-;-;-;-;-;trigon;-;oppozicio;-;-;-
31;[];nő;44;megvalósító;nap-mars;önfeláldozó;a nap nem sérült;a hold nem sérült;ASC;Nincs anaréta;skorpió;nyilas;vízöntő;halak;kos;bika;bika;ikrek;oroszlán;szűz;mérleg;skorpió;nyilas;kos;bak;nyilas;oroszlán;rák;szűz;skorpió;nyilas;mérleg;nincs hazur;nincs hazur;nincs hazur;8;9;nincs hazur;nincs hazur;2;2;nincs hazur;1;nincs hazur;2;5;2;1;9;8;9;1;1;12;trigon;konjukcio;konjukcio;-;oppozicio;-;-;-;-;trigon;-;-;-;trigon;-;-;-;-;-;oppozicio;-;-;-;-;-;-;-;-;konjukcio;-;-;-;-;-;-;-;-;-;-;-;-;-;-;-;-
32;['turizmus'];férfi;18;megvalósitó;hold-mars;önfeláldozó;a nap nem sérült;a hold nem sérült;ASC;Nincs anaréta;oroszlán;szűz;mérleg;skorpió;nyilas;vízöntő;vízöntő;halak;kos;bika;ikrek;oroszlán;bak;rák;nyilas;vízöntő;kos;szűz;rák;halak;vízöntő;nyilas;5;5;6;nincs hazur;nincs hazur;12;12;2;8;nincs hazur;nincs hazur;5;5;12;5;6;8;2;12;7;6;4;-;-;-;kvadrat;trigon;oppozicio;-;-;-;-;-;kvadrat;-;konjukcio;trigon;-;-;-;-;kvadrat;-;-;-;konjukcio;-;-;-;-;-;-;-;kvadrat;-;-;-;-;-;-;kvadrat;-;-;-;-;-;-
33;['informatikus'];férfi;23;célkijelölő;nap;kiszolgáltatott;a nap nem sérült;+ hold;nap;pluto (oppozíció);skorpió;nyilas;vízöntő;halak;kos;bika;bika;ikrek;oroszlán;szűz;mérleg;skorpió;ikrek;szűz;bika;rák;mérleg;kos;bika;vízöntő;vízöntő;nyilas;nincs hazur;5;nincs hazur;nincs hazur;12;8;8;7;7;nincs hazur;nincs hazur;nincs hazur;7;10;7;8;12;5;6;3;3;1;-;konjukcio;-;-;-;-;-;trigon;oppozicio;-;-;-;-;-;-;-;-;-;-;-;-;-;trigon;-;-;kvadrat;-;-;-;-;oppozicio;-;-;-;-;-;-;-;-;kvadrat;kvadrat;-;-;-;-
34;['gépész'];férfi;21;megvalósító;nap;önfeláldozó;a nap nem sérült;a hold nem sérült;ASC;Nincs anaréta;bak;halak;kos;bika;ikrek;rák;rák;szűz;mérleg;skorpió;nyilas;bak;rák;bika;rák;rák;rák;bika;bika;vízöntő;vízöntő;nyilas;nincs hazur;nincs hazur;6;nincs hazur;6;4;4;nincs hazur;6;nincs hazur;4;nincs hazur;6;4;6;6;6;4;4;1;1;12;-;-;konjukcio;konjukcio;-;-;-;-;-;-;-;-;konjukcio;konjukcio;kvadrat;-;-;konjukcio;-;-;-;-;-;-;konjukcio;-;-;-;-;-;-;-;-;-;-;konjukcio;-;trigon;-;kvadrat;-;-;-;-;-
35;[];férfi;19;megvalósitó;hold-mars;kiszolgáltatott;a nap nem sérült;a hold nem sérült;nap;Nincs anaréta;kos;ikrek;ikrek;rák;oroszlán;szűz;mérleg;nyilas;nyilas;bak;vízöntő;halak;vízöntő;rák;vízöntő;bak;nyilas;oroszlán;ikrek;vízöntő;vízöntő;nyilas;nincs hazur;11;11;3;11;nincs hazur;10;5;5;nincs hazur;3;nincs hazur;11;3;11;10;8;5;3;11;11;9;-;-;-;-;-;-;konjukcio;-;-;-;oppozicio;-;-;-;-;-;-;-;-;-;-;-;-;-;-;-;-;-;-;-;trigon;oppozicio;-;-;konjukcio;-;-;oppozicio;trigon;-;-;oppozicio;-;-;-
36;[];nő;16;célkijelölő;hold-vénusz;kiszolgáltatott;+ nap;a hold nem sérült;nap;Nincs anaréta;bak;vízöntő;halak;bika;bika;ikrek;rák;oroszlán;szűz;skorpió;skorpió;nyilas;skorpió;rák;nyilas;bak;bika;skorpió;oroszlán;halak;vízöntő;nyilas;nincs hazur;8;nincs hazur;1;1;11;7;11;nincs hazur;4;4;10;11;7;11;1;4;10;8;2;2;12;-;-;-;-;-;-;-;-;-;-;oppozicio;-;trigon;-;trigon;-;-;-;-;-;trigon;-;-;-;trigon;-;-;-;-;-;oppozicio;kvadrat;-;kvadrat;-;kvadrat;-;-;-;-;oppozicio;-;-;-;-
37;['logisztikus katona'];férfi;21;megvalósító;nap;kiszolgáltatott;a nap nem sérült;a hold nem sérült;ASC;Nincs anaréta;bak;vízöntő;kos;bika;ikrek;ikrek;rák;oroszlán;mérleg;skorpió;nyilas;nyilas;bak;szűz;vízöntő;halak;skorpió;ikrek;bika;vízöntő;vízöntő;nyilas;nincs hazur;4;10;2;nincs hazur;nincs hazur;8;1;nincs hazur;nincs hazur;nincs hazur;nincs hazur;1;8;1;2;10;5;4;1;1;11;-;-;-;-;trigon;trigon;-;-;-;-;-;-;trigon;trigon;-;-;-;-;-;trigon;-;-;konjukcio;-;-;-;-;-;-;-;-;-;-;-;-;konjukcio;-;trigon;-;kvadrat;-;-;-;-;-
38;['katona'];férfi;17;megvalósitó;hold-mars;kiszolgáltatott;a nap nem sérült;a hold nem sérült;nap;pluto (oppozíció);oroszlán;oroszlán;szűz;mérleg;skorpió;bak;vízöntő;vízöntő;halak;kos;bika;rák;ikrek;vízöntő;ikrek;ikrek;rák;szűz;rák;halak;vízöntő;nyilas;11;11;nincs hazur;nincs hazur;nincs hazur;nincs hazur;12;12;3;12;11;8;11;8;11;11;12;3;12;8;7;5;-;-;konjukcio;-;-;-;-;trigon;oppozicio;kvadrat;-;-;-;-;-;-;-;-;-;-;-;kvadrat;-;-;-;-;-;-;trigon;oppozicio;-;konjukcio;-;-;-;-;oppozicio;-;-;trigon;-;-;-;-;-
39;['könyvesbolt válllkozás'];nő;20;megvalósitó;hold-vénusz;önfeláldozó;a nap nem sérült;a hold nem sérült;ASC;Nincs anaréta;bika;ikrek;rák;oroszlán;oroszlán;mérleg;skorpió;nyilas;bak;vízöntő;vízöntő;kos;ikrek;ikrek;ikrek;bika;nyilas;ikrek;ikrek;vízöntő;vízöntő;nyilas;1;nincs hazur;1;2;2;nincs hazur;8;nincs hazur;1;nincs hazur;nincs hazur;nincs hazur;2;1;2;1;8;2;1;11;10;7;-;konjukcio;-;-;konjukcio;-;-;-;-;-;-;-;-;konjukcio;-;-;oppozicio;-;oppozicio;konjukcio;-;-;-;-;-;-;-;-;-;-;oppozicio;-;-;-;konjukcio;-;-;-;-;-;-;oppozicio;-;-;-
40;['vendéglátás', 'asztrológus'];férfi;62;célkijelölő;jupiter-szaturnusz;önfeláldozó;a nap nem sérült;a hold nem sérült;ASC;Nincs anaréta;szűz;szűz;mérleg;skorpió;bak;vízöntő;halak;halak;kos;bika;rák;oroszlán;szűz;mérleg;szűz;szűz;szűz;skorpió;bak;oroszlán;skorpió;szűz;1;1;nincs hazur;2;5;nincs hazur;4;4;nincs hazur;1;2;1;1;2;1;1;2;4;5;12;3;1;-;-;konjukcio;-;-;-;-;-;konjukcio;-;-;-;-;kvadrat;-;-;-;konjukcio;-;kvadrat;trigon;-;-;konjukcio;-;-;trigon;-;-;konjukcio;-;kvadrat;-;-;-;-;-;-;-;-;-;trigon;-;-;-
41;[];nő;17;megvalósitó;hold-vénusz;kiszolgáltatott;+ nap;- hold;nap;pluto (oppozíció);oroszlán;oroszlán;szűz;mérleg;skorpió;bak;vízöntő;vízöntő;halak;kos;bika;rák;ikrek;vízöntő;ikrek;ikrek;rák;szűz;rák;halak;vízöntő;nyilas;11;11;nincs hazur;nincs hazur;nincs hazur;nincs hazur;12;12;3;12;11;8;11;8;11;11;12;3;12;8;7;5;-;-;konjukcio;-;-;-;-;trigon;oppozicio;kvadrat;-;-;-;-;-;-;-;-;-;-;-;kvadrat;-;-;-;-;-;-;trigon;oppozicio;-;konjukcio;-;-;-;-;oppozicio;-;-;trigon;-;-;-;-;-
42;[];nő;16;célkijelölő;hold-vénusz;kiszolgáltatott;a nap nem sérült;a hold nem sérült;hold;neptun (oppozíció);skorpió;nyilas;vízöntő;halak;kos;bika;bika;ikrek;oroszlán;szűz;mérleg;skorpió;rák;oroszlán;oroszlán;oroszlán;kos;mérleg;rák;halak;vízöntő;nyilas;nincs hazur;10;nincs hazur;nincs hazur;5;9;9;nincs hazur;8;9;nincs hazur;nincs hazur;8;9;9;9;5;10;8;3;3;1;-;-;-;kvadrat;kvadrat;-;trigon;-;-;konjukcio;konjukcio;-;-;-;-;oppozicio;-;konjukcio;trigon;-;-;-;oppozicio;-;trigon;-;-;-;oppozicio;-;oppozicio;-;-;-;trigon;-;-;-;-;-;-;-;-;-;-
43;[];férfi;21;megvalósító;nap;kiszolgáltatott;- nap;a hold nem sérült;ASC;Nincs anaréta;mérleg;skorpió;nyilas;bak;halak;halak;kos;bika;ikrek;rák;szűz;szűz;bika;vízöntő;ikrek;kos;nyilas;ikrek;ikrek;vízöntő;vízöntő;nyilas;6;nincs hazur;nincs hazur;nincs hazur;8;8;3;nincs hazur;nincs hazur;4;8;8;8;4;8;6;3;8;8;4;4;2;-;-;-;-;-;-;kvadrat;-;-;trigon;-;-;trigon;-;-;konjukcio;-;-;-;konjukcio;-;-;trigon;oppozicio;-;-;-;-;-;trigon;-;-;-;-;-;-;-;trigon;oppozicio;-;trigon;-;-;-;-
44;['régész'];nő;20;célkijelölő;hold-vénusz;önfeláldozó;a nap nem sérült;- hold;ASC;Nincs anaréta;nyilas;bak;halak;kos;bika;ikrek;ikrek;rák;szűz;mérleg;skorpió;nyilas;skorpió;oroszlán;mérleg;mérleg;vízöntő;rák;ikrek;vízöntő;vízöntő;nyilas;nincs hazur;nincs hazur;7;nincs hazur;10;nincs hazur;nincs hazur;8;10;nincs hazur;2;nincs hazur;12;8;10;10;2;7;6;2;2;1;-;-;-;-;trigon;-;-;-;-;kvadrat;kvadrat;oppozicio;-;-;-;oppozicio;-;konjukcio;-;-;-;-;-;-;-;-;-;-;-;-;-;trigon;-;konjukcio;-;-;-;-;-;trigon;trigon;oppozicio;-;-;-
45;[];nő;9;célkijelölő;hold-merkúr;önfeláldozó vagy áldozat;+ nap;a hold nem sérült;nap;mars (kvadrát);mérleg;skorpió;nyilas;bak;vízöntő;halak;kos;bika;ikrek;rák;oroszlán;szűz;ikrek;ikrek;rák;ikrek;szűz;ikrek;mérleg;kos;halak;bak;nincs hazur;12;nincs hazur;1;nincs hazur;8;nincs hazur;8;10;9;9;nincs hazur;9;9;10;8;12;8;1;6;5;3;-;-;-;kvadrat;-;-;-;trigon;-;-;konjukcio;kvadrat;-;-;-;-;-;-;-;-;-;-;-;-;-;konjukcio;-;-;kvadrat;-;-;-;-;-;-;-;-;kvadrat;-;-;-;-;-;kvadrat;-
46;[];nő;7;megvalósitó;hold-merkúr;önfeláldozó;+ nap;a hold nem sérült;nap;uránusz (oppozíció);bak;vízöntő;kos;bika;ikrek;ikrek;rák;oroszlán;mérleg;skorpió;nyilas;nyilas;mérleg;bak;skorpió;mérleg;nyilas;oroszlán;skorpió;kos;halak;bak;10;nincs hazur;11;8;9;9;1;9;nincs hazur;nincs hazur;7;7;9;1;9;8;11;7;10;3;2;1;-;-;konjukcio;-;-;-;oppozicio;-;-;-;-;-;-;-;-;-;konjukcio;-;-;-;-;-;-;-;-;-;-;-;-;-;trigon;-;-;-;-;kvadrat;trigon;-;-;-;-;-;-;kvadrat;-
47;['esküvői szalon'];nő;44;megvalósitó;nap-mars;önfeláldozó vagy áldozat;+ nap;a hold nem sérült;nap;neptun (oppozíció);oroszlán;szűz;mérleg;skorpió;nyilas;bak;vízöntő;halak;kos;bika;ikrek;rák;ikrek;mérleg;bika;kos;kos;ikrek;oroszlán;skorpió;nyilas;mérleg;10;nincs hazur;nincs hazur;9;nincs hazur;1;nincs hazur;11;nincs hazur;9;10;3;10;3;10;9;9;11;1;4;5;3;-;-;-;-;konjukcio;-;-;oppozicio;-;-;oppozicio;oppozicio;-;-;-;-;konjukcio;-;-;-;-;oppozicio;-;-;konjukcio;-;-;-;-;-;-;-;-;-;-;-;-;oppozicio;-;kvadrat;trigon;-;-;-;-
48;[];nő;18;megvalósitó;hold-vénusz;önfeláldozó;+ nap;a hold nem sérült;nap;pluto (kvadrát);ikrek;rák;oroszlán;oroszlán;szűz;skorpió;nyilas;bak;vízöntő;vízöntő;halak;bika;halak;bak;kos;bika;bika;szűz;rák;halak;vízöntő;nyilas;11;9;11;11;nincs hazur;12;nincs hazur;1;nincs hazur;nincs hazur;4;12;11;9;11;12;12;4;1;10;9;7;-;-;-;-;-;-;-;-;kvadrat;-;-;trigon;-;-;-;-;-;-;-;-;-;-;-;-;-;-;-;-;kvadrat;-;-;-;kvadrat;-;-;-;-;-;-;-;-;-;-;-;-
49;['közösségi média közszereplő'];férfi;23;megvalósitó;nap;még nem tudjuk kiszámolni;- nap;+ hold;hold;mars (kvadrát);bika;ikrek;rák;rák;oroszlán;szűz;skorpió;nyilas;bak;bak;vízöntő;halak;nyilas;bak;nyilas;bak;mérleg;halak;kos;vízöntő;vízöntő;nyilas;nincs hazur;nincs hazur;9;9;8;7;nincs hazur;nincs hazur;nincs hazur;nincs hazur;12;12;8;9;7;9;6;12;12;10;10;8;-;-;-;-;kvadrat;trigon;-;-;-;-;konjukcio;kvadrat;-;-;-;-;-;-;-;-;-;-;-;konjukcio;kvadrat;-;-;-;-;-;-;-;trigon;-;-;-;-;-;-;-;kvadrat;-;-;-;-
50;[];nő;23;megvalósitó;hold;még nem tudjuk kiszámolni;a nap nem sérült;a hold nem sérült;hold;mars (kvadrát);bika;ikrek;rák;rák;oroszlán;szűz;skorpió;nyilas;bak;bak;vízöntő;halak;nyilas;bak;nyilas;bak;mérleg;halak;kos;vízöntő;vízöntő;nyilas;nincs hazur;nincs hazur;9;9;8;7;nincs hazur;nincs hazur;nincs hazur;nincs hazur;12;12;8;9;7;9;6;12;12;10;10;8;-;-;-;-;kvadrat;trigon;-;-;-;-;konjukcio;kvadrat;-;-;-;-;-;-;-;-;-;-;-;konjukcio;kvadrat;-;-;-;-;-;-;-;trigon;-;-;-;-;-;-;-;kvadrat;-;-;-;-
51;[];nő;25;célkijelölő;hold;még nem tudjuk kiszámolni;+ nap;a hold nem sérült;nap;Nincs anaréta;skorpió;nyilas;vízöntő;halak;kos;bika;bika;ikrek;oroszlán;szűz;mérleg;skorpió;szűz;szűz;szűz;oroszlán;oroszlán;bak;kos;vízöntő;bak;nyilas;9;nincs hazur;4;2;nincs hazur;9;9;nincs hazur;10;10;nincs hazur;9;10;10;10;9;9;2;4;3;2;1;konjukcio;-;-;-;-;-;-;-;-;-;-;-;-;-;-;-;-;-;-;-;oppozicio;-;-;-;konjukcio;-;trigon;oppozicio;-;-;-;trigon;oppozicio;oppozicio;-;kvadrat;-;-;-;-;-;trigon;konjukcio;-;-
52;[];férfi;72;célkijelölő;szaturnusz;önfeláldozó vagy áldozat;a nap nem sérült;+ hold;hold;pluto (oppozíció);ikrek;rák;rák;oroszlán;szűz;mérleg;nyilas;bak;bak;vízöntő;halak;kos;nyilas;vízöntő;nyilas;bak;szűz;bak;szűz;rák;mérleg;oroszlán;nincs hazur;10;10;6;6;nincs hazur;nincs hazur;nincs hazur;nincs hazur;5;9;5;6;10;6;9;5;9;5;2;5;4;-;konjukcio;-;-;-;-;-;-;-;-;-;-;-;-;-;trigon;oppozicio;-;-;-;-;-;-;-;trigon;-;trigon;-;kvadrat;-;-;konjukcio;-;-;-;-;-;-;-;-;-;-;-;-;-
53;['jog'];nő;36;megvalósitó;nap-jupiter;kiszolgáltatott;+ nap;a hold nem sérült;nap;Nincs anaréta;bak;vízöntő;kos;bika;ikrek;ikrek;rák;oroszlán;mérleg;skorpió;nyilas;nyilas;mérleg;nyilas;skorpió;mérleg;szűz;vízöntő;skorpió;nyilas;bak;skorpió;11;nincs hazur;8;8;nincs hazur;nincs hazur;11;9;nincs hazur;nincs hazur;1;1;9;11;10;8;8;1;11;11;1;9;-;-;-;-;-;-;-;-;-;-;-;-;-;-;konjukcio;-;-;-;-;-;-;-;-;konjukcio;konjukcio;-;-;-;-;-;-;-;-;-;-;-;-;-;-;-;-;-;-;-;-
54;['zenész'];nő;57;megvalósító;jupiter-szaturnusz;még nem tudjuk kiszámolni;a nap nem sérült;a hold nem sérült;hold;Nincs anaréta;skorpió;nyilas;bak;vízöntő;halak;kos;bika;ikrek;rák;oroszlán;szűz;mérleg;nyilas;rák;nyilas;nyilas;szűz;bika;halak;szűz;skorpió;szűz;10;nincs hazur;4;nincs hazur;7;nincs hazur;nincs hazur;nincs hazur;9;2;2;1;2;9;2;1;10;7;4;10;1;10;-;konjukcio;-;-;-;-;-;-;-;-;-;-;-;-;-;-;-;-;-;-;-;-;-;-;-;-;kvadrat;-;-;-;trigon;-;konjukcio;-;konjukcio;-;trigon;oppozicio;trigon;-;-;-;-;konjukcio;-
55;['zenész'];férfi;47;megvalósitó;nap-mars;kiszolgáltatott;- nap;a hold nem sérült;ASC;Nincs anaréta;oroszlán;szűz;mérleg;skorpió;nyilas;vízöntő;vízöntő;halak;kos;bika;ikrek;oroszlán;halak;vízöntő;vízöntő;kos;vízöntő;halak;rák;skorpió;nyilas;mérleg;8;6;9;nincs hazur;nincs hazur;nincs hazur;nincs hazur;8;6;nincs hazur;nincs hazur;8;8;6;6;9;6;8;12;3;4;2;-;-;-;-;-;trigon;-;kvadrat;-;konjukcio;-;-;-;-;-;-;-;-;-;-;-;-;-;-;-;-;kvadrat;-;trigon;-;-;-;kvadrat;-;trigon;-;-;-;-;-;-;-;-;-;-
56;['fodrász'];nő;47;megvalósitó;nap-mars;kiszolgáltatott;a nap nem sérült;a hold nem sérült;ASC;Nincs anaréta;oroszlán;szűz;mérleg;skorpió;nyilas;vízöntő;vízöntő;halak;kos;bika;ikrek;oroszlán;halak;vízöntő;vízöntő;kos;vízöntő;halak;rák;skorpió;nyilas;mérleg;8;6;9;nincs hazur;nincs hazur;nincs hazur;nincs hazur;8;6;nincs hazur;nincs hazur;8;8;6;6;9;6;8;12;3;4;2;-;-;-;-;-;trigon;-;kvadrat;-;konjukcio;-;-;-;-;-;-;-;-;-;-;-;-;-;-;-;-;kvadrat;-;trigon;-;-;-;kvadrat;-;trigon;-;-;-;-;-;-;-;-;-;-
57;[];férfi;57;megvalósító;jupiter-szaturnusz;még nem tudjuk kiszámolni;a nap nem sérült;+ hold;hold;Nincs anaréta;skorpió;nyilas;bak;vízöntő;halak;kos;bika;ikrek;rák;oroszlán;szűz;mérleg;nyilas;rák;nyilas;nyilas;szűz;bika;halak;szűz;skorpió;szűz;10;nincs hazur;4;nincs hazur;7;nincs hazur;nincs hazur;nincs hazur;9;2;2;1;2;9;2;1;10;7;4;10;1;10;-;konjukcio;-;-;-;-;-;-;-;-;-;-;-;-;-;-;-;-;-;-;-;-;-;-;-;-;kvadrat;-;-;-;trigon;-;konjukcio;-;konjukcio;-;trigon;oppozicio;trigon;-;-;-;-;konjukcio;-
58;['jogi asszisztens', 'nemzetközi tanulmányok'];nő;33;célkijelölő;nap;önfeláldozó;+ nap;a hold nem sérült;hold;Nincs anaréta;skorpió;nyilas;bak;vízöntő;halak;kos;bika;ikrek;rák;oroszlán;szűz;mérleg;skorpió;oroszlán;mérleg;mérleg;halak;ikrek;nyilas;nyilas;bak;skorpió;5;8;2;nincs hazur;nincs hazur;nincs hazur;nincs hazur;12;9;1;nincs hazur;11;1;9;12;11;5;8;2;2;2;1;-;-;-;-;-;-;-;-;konjukcio;-;-;trigon;-;-;-;-;-;-;-;-;-;-;-;-;oppozicio;trigon;-;-;-;-;-;kvadrat;kvadrat;kvadrat;-;-;-;-;-;konjukcio;-;-;-;-;-
59;['audi kommunikációs osztáy'];nő;44;megvalósító;nap-mars;kiszolgáltatott;a nap nem sérült;a hold nem sérült;hold;Nincs anaréta;szűz;mérleg;skorpió;nyilas;bak;vízöntő;halak;kos;bika;ikrek;rák;oroszlán;bak;ikrek;nyilas;nyilas;oroszlán;rák;szűz;skorpió;nyilas;mérleg;4;4;nincs hazur;nincs hazur;1;nincs hazur;10;11;nincs hazur;nincs hazur;9;4;4;9;4;4;11;10;1;3;4;2;-;konjukcio;konjukcio;-;oppozicio;trigon;-;-;-;-;-;-;-;-;-;-;-;konjukcio;-;oppozicio;trigon;-;-;-;-;oppozicio;trigon;-;konjukcio;-;-;-;-;-;-;-;-;-;-;-;-;-;-;-;-
60;['kórházban laborban'];nő;27;megvalósító;hold;kiszolgáltatott;+ nap;a hold nem sérült;hold;Nincs anaréta;skorpió;nyilas;bak;vízöntő;halak;kos;bika;ikrek;rák;oroszlán;szűz;mérleg;skorpió;mérleg;mérleg;skorpió;oroszlán;skorpió;halak;bak;bak;skorpió;9;1;4;nincs hazur;nincs hazur;nincs hazur;nincs hazur;12;11;1;nincs hazur;1;1;11;12;1;9;1;4;3;3;1;-;-;konjukcio;-;-;trigon;-;-;-;-;-;-;-;-;-;-;-;-;-;-;-;-;-;-;-;-;trigon;-;-;-;-;-;-;-;-;-;-;-;konjukcio;-;-;-;konjukcio;-;-
61;[];nő;28;célkijelölő;nap;önfeláldozó;+ nap;a hold nem sérült;nap;pluto (kvadrát);ikrek;rák;rák;oroszlán;szűz;mérleg;nyilas;bak;bak;vízöntő;halak;kos;halak;rák;vízöntő;halak;vízöntő;skorpió;halak;bak;bak;skorpió;nincs hazur;3;3;10;10;nincs hazur;nincs hazur;nincs hazur;nincs hazur;10;6;nincs hazur;10;3;10;11;10;6;10;9;9;6;-;konjukcio;-;-;-;konjukcio;-;-;kvadrat;-;-;-;-;-;oppozicio;oppozicio;trigon;-;konjukcio;-;konjukcio;-;-;kvadrat;-;trigon;-;-;-;-;kvadrat;-;-;-;kvadrat;-;-;-;-;-;-;kvadrat;konjukcio;-;-
62;['?'];nő;59;célkijelölő;jupiter-szaturnusz;önfeláldozó;a nap nem sérült;a hold nem sérült;ASC;Nincs anaréta;halak;bika;ikrek;ikrek;rák;oroszlán;szűz;skorpió;nyilas;nyilas;bak;vízöntő;rák;halak;ikrek;oroszlán;bika;halak;vízöntő;oroszlán;skorpió;szűz;nincs hazur;nincs hazur;3;3;1;4;nincs hazur;2;1;1;nincs hazur;11;4;1;3;5;2;1;11;6;8;6;-;-;-;-;-;-;-;-;-;kvadrat;-;-;konjukcio;-;-;-;-;-;-;kvadrat;-;-;-;kvadrat;-;-;oppozicio;-;kvadrat;-;-;-;-;-;-;-;-;-;oppozicio;-;kvadrat;-;-;-;-
63;['?'];nő;43;célkijelölő;nap-mars;önfeláldozó;+ nap;a hold nem sérült;nap;szaturnusz (oppozíció);ikrek;rák;oroszlán;oroszlán;szűz;skorpió;nyilas;bak;vízöntő;vízöntő;halak;bika;halak;halak;halak;bak;vízöntő;oroszlán;szűz;skorpió;nyilas;mérleg;nincs hazur;10;10;10;10;10;3;4;nincs hazur;nincs hazur;nincs hazur;8;10;10;10;8;10;3;4;6;6;5;konjukcio;-;-;-;-;oppozicio;-;-;-;-;-;konjukcio;-;oppozicio;-;-;-;-;-;-;-;trigon;kvadrat;-;-;oppozicio;-;-;-;kvadrat;-;-;kvadrat;-;-;-;-;-;-;-;-;-;-;-;-
64;['?'];nő;33;megvalósító;nap;kiszolgáltatott;a nap nem sérült;a hold nem sérült;ASC;Nincs anaréta;mérleg;skorpió;nyilas;bak;vízöntő;halak;kos;bika;ikrek;rák;oroszlán;szűz;bika;nyilas;bika;bika;ikrek;ikrek;bak;bak;bak;skorpió;8;nincs hazur;9;nincs hazur;4;nincs hazur;9;nincs hazur;nincs hazur;3;8;8;8;3;8;8;9;9;4;3;4;2;-;-;konjukcio;-;-;-;trigon;trigon;-;-;-;-;oppozicio;-;-;-;-;-;-;-;-;-;-;-;-;-;trigon;trigon;trigon;oppozicio;-;-;-;-;-;-;-;-;-;-;konjukcio;-;konjukcio;-;-
65;['?'];férfi;55;megvalósitó;jupiter;kiszolgáltatott;a nap nem sérült;+ hold;hold;vénusz (kvadrát);ikrek;rák;oroszlán;oroszlán;szűz;skorpió;nyilas;bak;vízöntő;vízöntő;halak;bika;ikrek;vízöntő;rák;bika;ikrek;rák;halak;szűz;skorpió;szűz;1;9;1;1;nincs hazur;nincs hazur;1;11;nincs hazur;nincs hazur;nincs hazur;11;1;9;1;11;1;1;11;4;6;4;-;-;-;-;-;-;kvadrat;-;kvadrat;-;kvadrat;-;-;-;-;kvadrat;-;-;-;konjukcio;-;-;-;-;-;-;-;-;-;-;-;-;-;-;-;-;-;-;-;-;-;-;-;konjukcio;-
66;[];nő;27;megvalósitó;hold;kiszolgáltatott;+ nap;a hold nem sérült;nap;szaturnusz (kvadrát);oroszlán;oroszlán;szűz;mérleg;nyilas;bak;vízöntő;vízöntő;halak;kos;ikrek;rák;ikrek;kos;rák;rák;bika;skorpió;halak;bak;bak;skorpió;11;11;11;nincs hazur;nincs hazur;8;nincs hazur;nincs hazur;4;nincs hazur;nincs hazur;9;11;9;11;12;10;4;8;6;6;4;-;-;-;-;-;kvadrat;-;-;-;-;kvadrat;-;-;-;kvadrat;kvadrat;-;-;-;-;trigon;-;-;-;-;-;trigon;-;oppozicio;-;oppozicio;-;-;-;-;trigon;-;-;-;-;-;-;konjukcio;-;-
67;['titkárnő'];nő;48;célkijelölő;nap-mars;önfeláldozó;+ nap;- hold;ASC;Nincs anaréta;szűz;szűz;mérleg;skorpió;bak;vízöntő;halak;halak;kos;bika;rák;oroszlán;bak;oroszlán;bak;vízöntő;bika;vízöntő;ikrek;mérleg;nyilas;mérleg;nincs hazur;nincs hazur;nincs hazur;9;nincs hazur;11;6;6;nincs hazur;6;12;5;5;12;5;6;9;6;11;3;4;2;-;konjukcio;-;-;-;-;-;-;-;-;oppozicio;kvadrat;-;-;-;-;-;-;-;-;-;-;-;-;kvadrat;konjukcio;-;-;-;trigon;-;-;-;-;-;-;-;-;-;-;-;-;-;-;-
68;['zongorista kísérő'];nő;59;célkijelölő;jupiter-szaturnusz;kiszolgáltatott;a nap nem sérült;a hold nem sérült;hold;Nincs anaréta;nyilas;bak;vízöntő;kos;bika;bika;ikrek;rák;oroszlán;mérleg;skorpió;skorpió;bak;mérleg;vízöntő;nyilas;oroszlán;halak;vízöntő;szűz;skorpió;szűz;nincs hazur;2;nincs hazur;8;1;1;nincs hazur;10;2;nincs hazur;nincs hazur;nincs hazur;2;10;2;1;8;3;2;9;11;9;-;-;-;-;-;-;-;-;-;-;-;-;-;-;-;-;-;-;-;-;konjukcio;-;-;-;-;kvadrat;-;-;-;-;-;-;-;kvadrat;-;-;oppozicio;-;oppozicio;-;-;-;-;konjukcio;-
69;['?'];férfi;34;megvalósitó;nap;kiszolgáltatott;a nap nem sérült;+ hold;nap;mars (kvadrát);rák;rák;oroszlán;szűz;mérleg;skorpió;bak;bak;vízöntő;halak;kos;bika;bika;rák;bika;ikrek;vízöntő;bika;bak;bak;bak;skorpió;1;1;11;nincs hazur;12;nincs hazur;6;6;nincs hazur;nincs hazur;8;nincs hazur;11;1;11;12;8;11;6;6;7;5;-;konjukcio;-;kvadrat;konjukcio;trigon;trigon;trigon;-;-;-;-;-;-;-;oppozicio;trigon;-;kvadrat;konjukcio;trigon;trigon;trigon;oppozicio;trigon;-;-;-;-;-;kvadrat;-;-;-;kvadrat;trigon;-;trigon;oppozicio;konjukcio;konjukcio;-;-;-;-
70;['építőipar'];nő;53;célkijelölő;jupiter;kiszolgáltatott;+ nap;a hold nem sérült;nap;szaturnusz (kvadrát);mérleg;skorpió;nyilas;bak;vízöntő;halak;kos;bika;ikrek;rák;oroszlán;szűz;rák;kos;rák;oroszlán;rák;szűz;kos;szűz;skorpió;szűz;nincs hazur;nincs hazur;nincs hazur;nincs hazur;7;11;10;10;9;7;10;nincs hazur;10;7;9;10;10;11;7;12;2;12;-;-;konjukcio;konjukcio;-;kvadrat;-;-;-;-;-;kvadrat;-;-;-;-;-;-;-;-;-;-;-;-;-;-;kvadrat;-;-;-;-;-;-;-;-;-;-;-;-;-;-;-;-;konjukcio;-
71;['autószerelő'];férfi;44;célkijelölő;nap-mars;önfeláldozó;a nap nem sérült;a hold nem sérült;nap;mars (kvadrát);nyilas;bak;vízöntő;kos;bika;bika;ikrek;rák;oroszlán;mérleg;skorpió;skorpió;mérleg;skorpió;mérleg;szűz;rák;rák;oroszlán;skorpió;nyilas;mérleg;nincs hazur;nincs hazur;9;nincs hazur;nincs hazur;nincs hazur;10;12;10;9;8;8;10;12;10;9;8;7;9;11;1;10;-;konjukcio;-;kvadrat;-;-;-;-;konjukcio;-;-;trigon;-;kvadrat;-;-;-;-;kvadrat;-;-;-;-;konjukcio;-;-;-;-;-;-;-;-;-;-;-;-;trigon;-;-;-;-;-;-;-;-
72;['Elnök'];-;213;célkijelölő;szaturnusz;önfeláldozó;a nap nem sérült;a hold nem sérült;ASC;Nincs anaréta;szűz;szűz;mérleg;skorpió;bak;vízöntő;halak;halak;kos;bika;rák;oroszlán;vízöntő;bak;halak;kos;mérleg;halak;nyilas;skorpió;nyilas;halak;nincs hazur;nincs hazur;8;nincs hazur;4;nincs hazur;8;8;3;nincs hazur;5;6;6;5;7;8;3;8;4;3;4;7;-;-;-;trigon;-;-;-;-;-;-;-;kvadrat;-;-;-;-;-;-;-;-;kvadrat;trigon;kvadrat;konjukcio;-;-;trigon;-;trigon;-;-;-;-;-;-;-;-;-;-;-;konjukcio;-;-;trigon;kvadrat
73;['Pszichológiai tanulmányok'];Nő;19;megvalósító;;még nem tudjuk kiszámolni;a nap nem sérült;a hold nem sérült;nap;pluto (oppozíció);mérleg;mérleg;skorpió;bak;vízöntő;halak;kos;kos;bika;rák;oroszlán;szűz;ikrek;ikrek;ikrek;rák;rák;rák;ikrek;vízöntő;vízöntő;nyilas;10;10;nincs hazur;9;nincs hazur;nincs hazur;10;10;nincs hazur;9;9;9;9;9;9;10;10;10;9;5;5;3;-;-;-;-;-;konjukcio;-;trigon;oppozicio;konjukcio;-;-;-;-;kvadrat;-;-;-;-;-;-;kvadrat;-;-;-;konjukcio;-;-;-;-;-;-;-;-;-;-;-;-;-;-;trigon;oppozicio;-;-;-
74;['Orvosi tanulmányok'];Nő;22;célkijelölő;;még nem tudjuk kiszámolni;a nap nem sérült;a hold nem sérült;hold;Nincs anaréta;skorpió;nyilas;vízöntő;halak;kos;bika;bika;ikrek;oroszlán;szűz;mérleg;skorpió;rák;szűz;oroszlán;szűz;skorpió;bika;bika;vízöntő;vízöntő;nyilas;1;nincs hazur;nincs hazur;6;nincs hazur;nincs hazur;nincs hazur;9;8;nincs hazur;9;1;8;10;9;9;1;6;6;3;3;1;-;-;-;-;-;-;-;-;-;-;konjukcio;-;trigon;trigon;-;-;-;-;-;kvadrat;kvadrat;oppozicio;oppozicio;-;-;trigon;-;-;-;-;oppozicio;-;-;kvadrat;-;-;-;kvadrat;-;kvadrat;-;-;-;-;-
75;['Kereskedelem'];Nő;22;célkijelölő;;önfeláldozó;a nap nem sérült;a hold nem sérült;ASC;Nincs anaréta;szűz;mérleg;skorpió;nyilas;bak;vízöntő;halak;kos;bika;ikrek;rák;oroszlán;vízöntő;mérleg;vízöntő;bak;halak;kos;bika;vízöntő;vízöntő;nyilas;nincs hazur;nincs hazur;7;8;9;nincs hazur;nincs hazur;nincs hazur;4;5;1;5;5;1;5;4;7;8;9;5;5;3;trigon;konjukcio;-;-;kvadrat;kvadrat;-;konjukcio;-;trigon;kvadrat;-;-;-;-;trigon;-;-;-;-;kvadrat;konjukcio;konjukcio;-;-;trigon;-;-;-;-;-;-;-;-;kvadrat;-;-;kvadrat;-;kvadrat;kvadrat;-;-;-;-
76;['Katonai pálya'];Nő;25;célkijelölő;;önfeláldozó;a nap nem sérült;a hold nem sérült;ASC;Nincs anaréta;halak;bika;ikrek;ikrek;rák;oroszlán;szűz;skorpió;nyilas;nyilas;bak;vízöntő;skorpió;vízöntő;nyilas;mérleg;szűz;bak;kos;vízöntő;bak;nyilas;11;nincs hazur;nincs hazur;nincs hazur;12;8;9;6;nincs hazur;nincs hazur;nincs hazur;1;8;12;9;7;6;11;1;11;11;9;-;-;-;-;-;-;-;-;-;-;-;-;-;-;konjukcio;-;-;-;kvadrat;-;-;-;-;konjukcio;-;kvadrat;-;-;kvadrat;-;trigon;-;-;-;kvadrat;-;-;-;-;-;-;-;konjukcio;-;-
77;['Katona', ' nyomozó', ' városüzemeltetésnél igazgatóhelyettes', ' politikai pálya'];Férfi;53;megvalósitó;jupiter;önfeláldozó vagy áldozat;a nap nem sérült;a hold nem sérült;hold;mars (oppozíció);oroszlán;oroszlán;szűz;mérleg;skorpió;bak;vízöntő;vízöntő;halak;kos;bika;rák;nyilas;kos;nyilas;bak;mérleg;mérleg;kos;mérleg;skorpió;szűz;5;5;nincs hazur;nincs hazur;nincs hazur;10;nincs hazur;nincs hazur;nincs hazur;3;6;9;5;9;5;6;3;3;10;3;5;3;trigon;konjukcio;-;-;-;-;-;-;-;trigon;kvadrat;oppozicio;-;-;oppozicio;-;-;-;-;-;-;-;konjukcio;-;kvadrat;-;kvadrat;-;-;trigon;-;oppozicio;-;-;-;-;konjukcio;-;konjukcio;-;-;-;-;-;-
78;['Coach tanácsadó'];Nő;49;megvalósitó;jupiter;önfeláldozó vagy áldozat;a nap nem sérült;a hold nem sérült;hold;Nincs anaréta;halak;kos;bika;ikrek;rák;rák;szűz;mérleg;skorpió;nyilas;bak;bak;rák;nyilas;oroszlán;ikrek;oroszlán;bak;ikrek;mérleg;nyilas;szűz;10;nincs hazur;4;nincs hazur;9;9;6;nincs hazur;6;nincs hazur;4;4;6;9;6;4;6;10;4;7;9;7;-;-;-;-;-;-;-;trigon;-;-;-;trigon;-;-;-;konjukcio;-;-;konjukcio;-;-;-;-;-;-;-;konjukcio;trigon;-;-;-;-;-;-;-;-;-;-;kvadrat;trigon;-;-;-;-;-
79;['Fotós'];Férfi;31;célkijelölő;nap;önfeláldozó;a nap nem sérült;a hold nem sérült;nap;asc (oppozíció);halak;kos;bika;ikrek;rák;rák;szűz;mérleg;skorpió;nyilas;bak;bak;szűz;bak;szűz;oroszlán;ikrek;oroszlán;bak;bak;bak;skorpió;nincs hazur;3;nincs hazur;nincs hazur;12;12;7;6;nincs hazur;6;nincs hazur;nincs hazur;7;12;7;6;3;6;11;11;11;8;-;-;-;-;-;-;trigon;trigon;-;trigon;-;-;oppozicio;-;-;-;-;-;-;-;trigon;-;-;-;kvadrat;-;-;-;-;kvadrat;-;-;-;-;-;-;-;-;-;-;konjukcio;-;konjukcio;-;-
80;['Költő'];-;144;megvalósító;szaturnusz;önfeláldozó;a nap nem sérült;a hold nem sérült;ASC;Nincs anaréta;ikrek;rák;rák;oroszlán;szűz;skorpió;nyilas;bak;bak;vízöntő;halak;bika;nyilas;ikrek;nyilas;bak;halak;bak;halak;oroszlán;bika;bika;nincs hazur;1;1;6;6;nincs hazur;nincs hazur;nincs hazur;nincs hazur;10;8;8;6;1;6;8;11;8;10;4;12;12;-;konjukcio;-;-;-;-;kvadrat;-;oppozicio;-;-;-;-;-;-;-;-;-;-;-;-;kvadrat;-;-;-;-;-;-;-;trigon;-;konjukcio;-;-;-;-;trigon;trigon;-;-;-;-;-;-;-
81;['Bolti eladó', ' kereskedelmi vállalkozó'];Nő;47;célkijelölő;nap-mars;kiszolgáltatott;a nap nem sérült;a hold nem sérült;hold;Nincs anaréta;kos;bika;ikrek;rák;rák;oroszlán;mérleg;skorpió;nyilas;bak;bak;vízöntő;vízöntő;vízöntő;vízöntő;halak;bak;halak;rák;skorpió;nyilas;mérleg;nincs hazur;nincs hazur;nincs hazur;11;11;12;12;10;12;4;4;nincs hazur;12;11;11;12;10;12;4;7;8;7;-;konjukcio;-;-;-;-;-;-;-;konjukcio;-;-;-;-;-;-;trigon;-;-;-;-;-;-;trigon;-;konjukcio;-;-;kvadrat;-;-;oppozicio;-;-;kvadrat;-;-;-;-;-;-;kvadrat;-;-;-
82;['Kereskedelmi vállalkozó'];Férfi;49;megvalósító;jupiter;kiszolgáltatott;a nap nem sérült;a hold nem sérült;ASC;Nincs anaréta;nyilas;vízöntő;halak;kos;bika;ikrek;ikrek;oroszlán;szűz;mérleg;skorpió;nyilas;nyilas;kos;nyilas;skorpió;skorpió;bak;ikrek;mérleg;nyilas;mérleg;nincs hazur;6;1;12;nincs hazur;nincs hazur;nincs hazur;1;1;12;nincs hazur;nincs hazur;1;4;1;12;12;1;6;9;1;9;trigon;-;-;-;-;oppozicio;-;-;-;-;-;-;-;-;oppozicio;-;-;-;-;-;-;-;konjukcio;-;konjukcio;-;-;-;-;-;-;-;-;-;-;-;-;-;-;trigon;-;-;-;-;-
83;['Tudós', ' misztikus'];-;535;megvalósitó;szaturnusz;független vagy kiszolgáltatott;a nap nem sérült;a hold nem sérült;ASC;Nincs anaréta;oroszlán;szűz;mérleg;skorpió;nyilas;bak;vízöntő;halak;kos;bika;ikrek;rák;szűz;nyilas;szűz;oroszlán;ikrek;bak;nyilas;nyilas;nyilas;mérleg;2;2;1;nincs hazur;5;nincs hazur;4;nincs hazur;11;nincs hazur;nincs hazur;4;2;4;2;1;11;5;4;5;4;3;-;-;-;-;-;-;kvadrat;kvadrat;-;-;trigon;oppozicio;-;konjukcio;-;konjukcio;-;-;-;kvadrat;-;kvadrat;-;-;-;-;trigon;-;trigon;-;-;-;-;oppozicio;-;-;konjukcio;-;-;-;konjukcio;-;-;-;-
84;['Színész'];-;86;célkijelölő;szaturnusz;önfeláldozó vagy áldozat;a nap nem sérült;a hold nem sérült;hold;mars (kvadrát);szűz;mérleg;skorpió;nyilas;vízöntő;halak;halak;kos;bika;ikrek;oroszlán;szűz;skorpió;kos;mérleg;szűz;bak;skorpió;halak;bika;szűz;rák;nincs hazur;1;4;nincs hazur;nincs hazur;3;3;nincs hazur;nincs hazur;2;2;nincs hazur;2;7;2;1;4;3;6;8;1;12;-;-;-;-;-;-;-;-;-;-;-;kvadrat;-;-;-;-;-;-;-;-;trigon;oppozicio;-;-;-;-;-;-;-;-;-;-;trigon;-;-;kvadrat;-;-;-;-;-;-;-;kvadrat;-
85;['Szabadúszó '];Nő;30;célkijelölő;nap;még nem tudjuk kiszámolni;a nap nem sérült;a hold nem sérült;ASC;Nincs anaréta;rák;oroszlán;oroszlán;szűz;skorpió;nyilas;bak;vízöntő;vízöntő;halak;bika;ikrek;mérleg;rák;mérleg;oroszlán;mérleg;szűz;vízöntő;bak;bak;skorpió;1;4;4;4;nincs hazur;3;nincs hazur;7;7;nincs hazur;3;nincs hazur;4;1;4;3;4;3;7;6;6;5;kvadrat;konjukcio;-;-;-;trigon;kvadrat;kvadrat;-;kvadrat;-;-;-;-;oppozicio;-;-;-;-;-;trigon;kvadrat;-;-;-;konjukcio;-;-;-;kvadrat;-;-;-;kvadrat;-;-;trigon;-;-;-;-;-;konjukcio;-;-
86;['Szállodai kereskedelem és marketing'];Férfi;25;megvalósitó;;önfeláldozó;a nap nem sérült;a hold nem sérült;hold;mars (kvadrát);oroszlán;szűz;mérleg;skorpió;nyilas;bak;vízöntő;halak;kos;bika;ikrek;rák;szűz;kos;mérleg;rák;rák;bak;kos;vízöntő;bak;nyilas;2;nincs hazur;12;nincs hazur;nincs hazur;nincs hazur;9;5;12;nincs hazur;3;9;2;9;3;12;12;5;9;6;6;4;-;-;-;-;trigon;-;-;-;-;-;kvadrat;kvadrat;-;-;kvadrat;kvadrat;-;-;-;kvadrat;oppozicio;trigon;trigon;-;konjukcio;-;-;oppozicio;oppozicio;-;-;-;oppozicio;oppozicio;-;kvadrat;-;-;-;-;-;trigon;konjukcio;-;-
87;['Rendőr'];Férfi;45;célkijelölő;nap-mars;független vagy kiszolgáltatott;a nap nem sérült;a hold nem sérült;ASC;Nincs anaréta;rák;rák;oroszlán;szűz;mérleg;nyilas;bak;bak;vízöntő;halak;kos;ikrek;oroszlán;ikrek;oroszlán;oroszlán;szűz;bika;oroszlán;skorpió;nyilas;mérleg;12;12;2;2;nincs hazur;nincs hazur;2;2;nincs hazur;11;nincs hazur;nincs hazur;2;12;2;2;3;11;2;5;6;4;-;-;-;-;-;konjukcio;kvadrat;-;-;-;-;-;-;-;-;-;-;konjukcio;-;-;konjukcio;kvadrat;trigon;-;-;-;konjukcio;-;trigon;-;-;-;-;kvadrat;-;-;-;-;-;kvadrat;trigon;-;-;-;-
88;['Tanítónő'];Nő;51;célkijelölő;jupiter;kiszolgáltatott;a nap nem sérült;a hold nem sérült;hold;szaturnusz (oppozíció);bak;vízöntő;kos;bika;bika;ikrek;rák;oroszlán;mérleg;skorpió;skorpió;nyilas;ikrek;skorpió;ikrek;oroszlán;rák;mérleg;bika;mérleg;skorpió;szűz;4;nincs hazur;nincs hazur;nincs hazur;nincs hazur;5;10;6;7;7;7;9;6;10;5;7;7;9;4;9;11;8;-;-;-;-;trigon;-;-;-;kvadrat;-;-;-;-;oppozicio;-;-;-;-;-;-;-;trigon;oppozicio;-;-;kvadrat;-;-;trigon;-;-;-;kvadrat;-;-;-;-;-;-;-;-;trigon;-;-;-
89;['Riporter', ' zongoraművész '];-;86;célkijelölő;szaturnusz;független vagy kiszolgáltatott;a nap nem sérült;a hold nem sérült;ASC;Nincs anaréta;rák;oroszlán;szűz;mérleg;skorpió;nyilas;bak;vízöntő;halak;kos;bika;ikrek;oroszlán;oroszlán;rák;szűz;skorpió;skorpió;halak;bika;szűz;rák;2;1;1;3;4;nincs hazur;9;nincs hazur;5;nincs hazur;nincs hazur;nincs hazur;1;2;1;3;4;5;9;10;3;1;-;-;-;kvadrat;kvadrat;-;-;-;-;-;-;-;-;-;-;-;-;-;kvadrat;-;-;-;-;konjukcio;-;-;-;-;konjukcio;-;-;trigon;oppozicio;-;kvadrat;trigon;-;-;-;-;oppozicio;-;-;-;-
90;['Vallási segítő', ' gyógyító', ' kártya vető', ' theta healing szakember'];Nő;65;megvalósító;szaturnusz;kiszolgáltatott;a nap nem sérült;a hold nem sérült;ASC;Nincs anaréta;ikrek;rák;rák;oroszlán;szűz;mérleg;nyilas;bak;bak;vízöntő;halak;kos;oroszlán;skorpió;szűz;rák;halak;szűz;skorpió;oroszlán;mérleg;oroszlán;5;6;6;4;nincs hazur;nincs hazur;5;nincs hazur;nincs hazur;6;nincs hazur;nincs hazur;4;6;5;2;11;5;6;3;6;4;kvadrat;-;-;-;-;kvadrat;-;-;konjukcio;-;-;trigon;-;konjukcio;trigon;-;kvadrat;-;-;konjukcio;-;-;-;-;-;-;-;-;-;-;-;trigon;-;-;-;-;-;-;-;trigon;-;kvadrat;kvadrat;-;-
91;['Gyógytornász', ' egyetemi tanár'];Nő;32;célkijelölő;nap;kiszolgáltatott;a nap nem sérült;a hold nem sérült;ASC;Nincs anaréta;skorpió;nyilas;bak;vízöntő;halak;kos;bika;ikrek;rák;oroszlán;szűz;mérleg;kos;vízöntő;bika;halak;vízöntő;rák;bak;bak;bak;skorpió;nincs hazur;nincs hazur;3;nincs hazur;8;4;4;nincs hazur;3;6;7;nincs hazur;6;3;7;4;4;8;3;2;3;1;kvadrat;-;-;-;-;kvadrat;-;-;-;-;-;-;-;-;-;-;-;-;-;-;-;trigon;trigon;oppozicio;-;-;-;-;-;trigon;trigon;-;-;-;-;-;oppozicio;-;-;-;-;-;konjukcio;-;-
92;['Történelem tanár'];Nő;59;célkijelölő;jupiter-szaturnusz;kiszolgáltatott;a nap nem sérült;a hold nem sérült;nap;Nincs anaréta;mérleg;skorpió;nyilas;bak;halak;halak;kos;bika;ikrek;rák;szűz;szűz;rák;bika;ikrek;oroszlán;bika;halak;vízöntő;oroszlán;skorpió;szűz;10;8;nincs hazur;nincs hazur;5;5;nincs hazur;nincs hazur;8;7;nincs hazur;nincs hazur;9;7;8;10;8;5;4;11;1;11;-;-;-;-;trigon;-;-;-;-;-;kvadrat;-;-;kvadrat;-;oppozicio;trigon;-;-;kvadrat;trigon;-;-;kvadrat;-;-;oppozicio;-;-;-;-;-;kvadrat;-;-;-;-;trigon;oppozicio;-;kvadrat;-;-;-;-
93;['Hivatásos sportoló (kosárlabda)'];Férfi;23;megvalósitó;;kiszolgáltatott;a nap nem sérült;a hold nem sérült;nap;szaturnusz (kvadrát);bika;ikrek;rák;oroszlán;oroszlán;mérleg;skorpió;nyilas;bak;vízöntő;vízöntő;kos;bak;vízöntő;bak;vízöntő;mérleg;halak;kos;vízöntő;vízöntő;nyilas;10;nincs hazur;10;10;10;nincs hazur;nincs hazur;nincs hazur;nincs hazur;12;12;6;10;10;9;10;6;11;12;10;10;7;-;-;-;kvadrat;-;kvadrat;-;konjukcio;-;-;-;-;-;-;konjukcio;konjukcio;-;-;-;-;-;-;-;-;-;-;-;konjukcio;-;-;-;oppozicio;-;kvadrat;-;-;-;-;-;-;kvadrat;-;-;-;-
94;['Szakács'];Férfi;30;megvalósító;nap;kiszolgáltatott;a nap nem sérült;a hold nem sérült;ASC;Nincs anaréta;skorpió;bak;vízöntő;halak;kos;bika;bika;rák;oroszlán;szűz;mérleg;skorpió;rák;rák;oroszlán;szűz;oroszlán;oroszlán;vízöntő;bak;bak;skorpió;9;nincs hazur;2;9;nincs hazur;nincs hazur;nincs hazur;8;8;9;9;9;8;8;9;9;9;9;2;2;2;1;konjukcio;-;-;-;-;-;oppozicio;oppozicio;-;-;-;-;-;-;oppozicio;oppozicio;-;-;-;konjukcio;oppozicio;-;-;-;konjukcio;-;-;-;-;-;-;-;-;-;-;-;-;-;-;-;-;-;konjukcio;-;-
95;['Néptánc tanár', ' Pék'];Nő;49;célkijelölő;jupiter;kiszolgáltatott;a nap nem sérült;a hold nem sérült;nap;neptun (kvadrát);ikrek;rák;rák;oroszlán;szűz;mérleg;nyilas;bak;bak;vízöntő;halak;kos;halak;skorpió;halak;vízöntő;bak;vízöntő;ikrek;mérleg;nyilas;mérleg;nincs hazur;6;6;11;11;10;9;1;1;nincs hazur;nincs hazur;nincs hazur;11;6;11;10;8;9;1;6;7;5;-;-;-;-;-;-;-;kvadrat;-;trigon;kvadrat;-;-;-;-;-;-;-;-;-;-;-;-;-;-;-;-;trigon;-;-;-;-;-;-;kvadrat;-;kvadrat;-;trigon;-;oppozicio;-;-;-;-
96;['Angol tanár (ált. Iskola)'];Nő;44;megvalósitó;nap-mars;önfeláldozó vagy áldozat;a nap nem sérült;a hold nem sérült;nap;mars (oppozíció);kos;bika;ikrek;rák;rák;oroszlán;mérleg;skorpió;nyilas;bak;bak;vízöntő;bak;bika;bak;bak;oroszlán;ikrek;oroszlán;skorpió;nyilas;mérleg;5;nincs hazur;10;2;2;11;11;nincs hazur;3;nincs hazur;nincs hazur;6;11;2;10;11;5;3;6;7;9;7;-;-;konjukcio;oppozicio;-;-;-;-;-;-;-;-;-;kvadrat;oppozicio;-;-;-;-;oppozicio;trigon;-;-;-;oppozicio;-;-;-;-;-;-;-;-;-;-;-;-;-;-;-;-;-;-;-;-
97;['Pultos', ' külföldön szállodai alkalmazott', ' könyvelő'];Nő;32;megvalósitó;nap;önfeláldozó;a nap nem sérült;a hold nem sérült;hold;vénusz (oppozíció);oroszlán;szűz;szűz;mérleg;nyilas;bak;vízöntő;halak;halak;kos;ikrek;rák;mérleg;ikrek;mérleg;nyilas;mérleg;rák;bak;bak;bak;skorpió;3;nincs hazur;nincs hazur;5;nincs hazur;5;nincs hazur;12;12;nincs hazur;3;11;3;11;3;5;3;12;5;5;5;4;-;-;-;konjukcio;-;-;-;-;-;-;oppozicio;-;-;-;-;-;-;-;-;-;kvadrat;kvadrat;kvadrat;-;-;-;-;-;-;-;-;-;-;-;-;oppozicio;-;oppozicio;-;konjukcio;konjukcio;-;konjukcio;-;-
98;['Asztrológus', ' orientalista'];-;131;célkijelölő;szaturnusz;önfeláldozó;a nap nem sérült;a hold nem sérült;hold;Nincs anaréta;skorpió;nyilas;bak;vízöntő;halak;kos;bika;ikrek;rák;oroszlán;szűz;mérleg;rák;szűz;ikrek;oroszlán;skorpió;vízöntő;oroszlán;mérleg;ikrek;ikrek;2;3;nincs hazur;10;nincs hazur;nincs hazur;nincs hazur;8;11;8;nincs hazur;9;8;11;8;9;2;3;10;12;8;8;-;-;-;-;-;-;-;-;-;-;-;-;-;-;-;-;-;-;-;trigon;-;-;konjukcio;konjukcio;-;oppozicio;-;-;-;-;-;-;-;oppozicio;-;-;-;trigon;trigon;-;kvadrat;kvadrat;-;-;konjukcio
99;['Költő', ' katona'];-;467;célkijelölő;szaturnusz;önfeláldozó;a nap nem sérült;a hold nem sérült;ASC;Nincs anaréta;skorpió;nyilas;vízöntő;halak;kos;bika;bika;ikrek;oroszlán;szűz;mérleg;skorpió;mérleg;kos;mérleg;nyilas;oroszlán;mérleg;halak;mérleg;bika;halak;nincs hazur;nincs hazur;nincs hazur;12;9;nincs hazur;nincs hazur;12;12;nincs hazur;1;nincs hazur;12;5;12;1;9;12;4;12;6;3;-;-;-;-;-;-;konjukcio;-;-;-;-;trigon;oppozicio;-;oppozicio;-;-;-;-;-;-;-;-;-;-;-;-;-;-;kvadrat;-;-;-;kvadrat;-;-;konjukcio;-;-;-;-;-;-;-;-
100;['Tűzoltó', ' pszichotronika'];Férfi;45;célkijelölő;nap-mars;önfeláldozó vagy áldozat;a nap nem sérült;a hold nem sérült;ASC;Nincs anaréta;nyilas;bak;halak;kos;bika;ikrek;ikrek;rák;szűz;mérleg;skorpió;nyilas;bak;bak;bak;halak;bak;bika;oroszlán;skorpió;nyilas;mérleg;nincs hazur;nincs hazur;5;1;3;1;1;2;nincs hazur;nincs hazur;nincs hazur;nincs hazur;2;2;1;3;1;5;8;12;1;10;konjukcio;-;-;-;trigon;-;-;-;-;-;-;-;trigon;-;-;-;-;-;konjukcio;-;-;-;-;-;-;-;-;-;kvadrat;-;trigon;-;-;-;-;kvadrat;-;-;-;kvadrat;-;-;-;-;-
101;['Polgármesteri hivatali ügyintéző'];Nő;42;célkijelölő;nap-mars;önfeláldozó vagy áldozat;a nap nem sérült;a hold nem sérült;ASC;Nincs anaréta;kos;bika;ikrek;rák;rák;oroszlán;mérleg;skorpió;nyilas;bak;bak;vízöntő;skorpió;rák;nyilas;nyilas;oroszlán;szűz;szűz;skorpió;nyilas;mérleg;6;8;nincs hazur;4;4;8;nincs hazur;nincs hazur;nincs hazur;6;6;nincs hazur;8;4;8;8;6;6;6;8;9;7;trigon;-;-;-;-;-;konjukcio;-;-;-;-;-;-;-;-;-;-;konjukcio;-;kvadrat;-;-;-;-;-;kvadrat;-;-;-;-;-;-;kvadrat;trigon;-;-;-;-;-;-;kvadrat;-;-;-;-
102;['Cukrász'];Nő;36;megvalósitó;nap-jupiter;önfeláldozó;a nap nem sérült;a hold nem sérült;ASC;Nincs anaréta;oroszlán;szűz;szűz;skorpió;nyilas;bak;vízöntő;halak;halak;bika;ikrek;rák;rák;oroszlán;oroszlán;ikrek;rák;vízöntő;skorpió;nyilas;bak;skorpió;12;1;1;nincs hazur;7;4;nincs hazur;nincs hazur;nincs hazur;nincs hazur;nincs hazur;1;12;1;1;11;12;7;4;5;5;4;-;-;-;konjukcio;-;-;-;-;-;-;-;-;oppozicio;-;trigon;-;-;-;-;-;kvadrat;trigon;-;-;-;trigon;-;oppozicio;-;-;-;-;-;-;-;kvadrat;-;-;-;-;-;-;-;-;-
103;['Borászatban adminisztrátor '];Nő;35;célkijelölő;nap-jupiter;önfeláldozó;a nap nem sérült;a hold nem sérült;ASC;Nincs anaréta;nyilas;vízöntő;halak;kos;bika;ikrek;ikrek;oroszlán;szűz;mérleg;skorpió;nyilas;nyilas;oroszlán;nyilas;skorpió;halak;halak;nyilas;nyilas;bak;skorpió;3;nincs hazur;nincs hazur;3;nincs hazur;1;1;1;nincs hazur;12;nincs hazur;3;1;8;1;12;3;3;1;1;1;10;-;-;-;-;-;-;konjukcio;konjukcio;-;-;kvadrat;-;-;-;-;-;kvadrat;-;kvadrat;kvadrat;konjukcio;konjukcio;-;-;-;-;-;-;-;konjukcio;konjukcio;kvadrat;kvadrat;-;-;kvadrat;kvadrat;-;-;-;-;-;-;-;-
104;['Iparjogi ügyintéző'];Nő;67;célkijelölő;szaturnusz;kiszolgáltatott;a nap nem sérült;a hold nem sérült;ASC;Nincs anaréta;oroszlán;oroszlán;szűz;mérleg;skorpió;bak;vízöntő;vízöntő;halak;kos;bika;rák;mérleg;szűz;skorpió;skorpió;vízöntő;rák;skorpió;rák;mérleg;oroszlán;4;4;nincs hazur;nincs hazur;nincs hazur;nincs hazur;4;4;nincs hazur;7;5;2;4;2;4;5;7;12;4;12;4;2;-;-;-;kvadrat;-;-;-;konjukcio;-;-;kvadrat;-;-;-;-;-;konjukcio;-;-;-;konjukcio;-;-;-;-;-;-;-;-;kvadrat;oppozicio;-;oppozicio;kvadrat;-;-;konjukcio;-;-;-;-;-;-;-;-
105;['Beteg gondozó'];Nő;55;célkijelölő;jupiter;kiszolgáltatott;a nap nem sérült;a hold nem sérült;hold;mars (oppozíció);mérleg;skorpió;nyilas;bak;vízöntő;halak;kos;bika;ikrek;rák;oroszlán;szűz;bak;kos;bak;vízöntő;mérleg;rák;halak;szűz;skorpió;szűz;4;1;nincs hazur;6;nincs hazur;10;nincs hazur;nincs hazur;4;7;4;nincs hazur;4;7;4;4;1;10;6;12;2;12;-;konjukcio;-;kvadrat;oppozicio;-;-;-;-;-;-;oppozicio;-;-;-;-;-;-;kvadrat;oppozicio;-;-;-;-;trigon;-;-;-;-;-;-;-;-;-;-;trigon;-;-;-;oppozicio;trigon;oppozicio;-;konjukcio;-
106;['Géplakatos '];Férfi;68;célkijelölő;szaturnusz;kiszolgáltatott;a nap nem sérült;a hold nem sérült;hold;neptun (oppozíció);mérleg;skorpió;nyilas;bak;vízöntő;halak;kos;bika;ikrek;rák;oroszlán;szűz;halak;kos;halak;halak;nyilas;ikrek;skorpió;rák;mérleg;oroszlán;nincs hazur;nincs hazur;9;1;nincs hazur;nincs hazur;2;6;nincs hazur;7;5;5;5;7;5;6;2;9;1;9;1;11;-;-;-;kvadrat;kvadrat;trigon;trigon;-;-;-;-;-;-;-;kvadrat;oppozicio;trigon;-;-;-;trigon;-;-;-;-;-;-;trigon;-;-;oppozicio;-;-;-;-;-;-;-;-;-;-;-;-;-;-
107;['Kereskedelmi asszisztens '];Nő;52;célkijelölő;jupiter;független vagy kiszolgáltatott;a nap nem sérült;a hold nem sérült;hold;mc (kvadrát);skorpió;skorpió;bak;vízöntő;halak;kos;bika;bika;rák;oroszlán;szűz;mérleg;ikrek;bika;ikrek;bika;nyilas;szűz;bika;szűz;skorpió;szűz;nincs hazur;nincs hazur;nincs hazur;7;11;2;nincs hazur;nincs hazur;7;8;nincs hazur;7;8;7;8;7;2;11;7;11;2;11;-;-;-;-;kvadrat;-;-;-;kvadrat;-;-;-;-;konjukcio;-;-;-;-;oppozicio;trigon;-;trigon;oppozicio;-;-;-;konjukcio;-;-;-;-;-;-;-;-;-;konjukcio;-;konjukcio;-;-;-;-;konjukcio;-
108;['Mezőgazdasági gép értékesítő', ' mezőgazdasági mérnök'];Férfi;41;célkijelölő;nap-jupiter;független vagy kiszolgáltatott;a nap nem sérült;a hold nem sérült;ASC;Nincs anaréta;rák;oroszlán;szűz;szűz;skorpió;nyilas;bak;vízöntő;halak;halak;bika;ikrek;bak;mérleg;bak;nyilas;bak;mérleg;mérleg;skorpió;nyilas;mérleg;4;6;nincs hazur;nincs hazur;7;nincs hazur;4;nincs hazur;4;4;nincs hazur;6;6;4;6;5;7;4;4;5;6;4;kvadrat;konjukcio;-;-;kvadrat;kvadrat;-;-;-;kvadrat;-;trigon;-;-;-;kvadrat;-;-;-;kvadrat;kvadrat;-;-;-;-;-;-;-;-;-;-;-;-;-;kvadrat;konjukcio;-;-;-;-;-;-;-;-;-
109;['Szociális munkás', ' alapítvány vezető'];Nő;39;megvalósitó;nap-jupiter;még nem tudjuk kiszámolni;a nap nem sérült;a hold nem sérült;ASC;Nincs anaréta;szűz;mérleg;skorpió;nyilas;bak;vízöntő;halak;kos;bika;ikrek;rák;oroszlán;kos;nyilas;kos;bika;kos;nyilas;skorpió;nyilas;nyilas;mérleg;8;nincs hazur;8;3;nincs hazur;2;nincs hazur;nincs hazur;9;nincs hazur;3;8;8;3;8;9;8;3;2;3;4;2;trigon;konjukcio;-;-;trigon;-;trigon;-;-;trigon;-;-;konjukcio;-;konjukcio;-;-;-;konjukcio;-;-;-;-;-;-;-;-;-;-;-;-;oppozicio;-;trigon;oppozicio;-;konjukcio;-;-;-;-;konjukcio;-;-;-
110;['Ügyvéd'];Férfi;51;megvalósitó;jupiter;önfeláldozó vagy áldozat;a nap nem sérült;a hold nem sérült;hold;asc (oppozíció);bak;halak;kos;bika;ikrek;ikrek;rák;szűz;mérleg;skorpió;nyilas;nyilas;rák;rák;rák;oroszlán;rák;mérleg;bika;mérleg;skorpió;szűz;4;nincs hazur;7;nincs hazur;6;6;7;nincs hazur;7;nincs hazur;9;9;6;7;6;7;7;9;4;8;10;8;-;konjukcio;-;-;-;-;kvadrat;-;-;-;-;konjukcio;kvadrat;-;-;trigon;-;-;-;-;-;kvadrat;-;-;-;-;kvadrat;-;kvadrat;-;kvadrat;-;-;trigon;-;-;-;-;-;-;-;trigon;-;-;-
111;['Ruhabolt tulajdonos és eladó', ' vállalkozó'];Nő;73;célkijelölő;szaturnusz;önfeláldozó;a nap nem sérült;a hold nem sérült;nap;Nincs anaréta;rák;oroszlán;oroszlán;szűz;skorpió;nyilas;bak;vízöntő;vízöntő;halak;bika;ikrek;kos;halak;halak;halak;kos;bak;szűz;ikrek;mérleg;oroszlán;9;10;10;nincs hazur;10;nincs hazur;3;nincs hazur;nincs hazur;7;nincs hazur;9;10;9;9;10;10;7;3;12;4;2;-;-;konjukcio;konjukcio;-;-;-;-;-;-;-;-;-;oppozicio;trigon;-;-;-;-;-;-;kvadrat;-;-;konjukcio;-;-;kvadrat;-;-;-;-;kvadrat;-;-;-;-;-;-;-;-;-;-;-;-
112;['Vállalkozó', ' ruhabolt tulajdonos'];Nő;53;célkijelölő;jupiter;független vagy kiszolgáltatott;a nap nem sérült;a hold nem sérült;hold;Nincs anaréta;ikrek;rák;oroszlán;oroszlán;szűz;skorpió;nyilas;bak;vízöntő;vízöntő;halak;bika;szűz;vízöntő;mérleg;mérleg;oroszlán;szűz;kos;szűz;skorpió;szűz;5;9;4;4;nincs hazur;nincs hazur;nincs hazur;nincs hazur;11;11;4;nincs hazur;4;9;5;5;3;4;11;5;6;5;-;-;-;-;konjukcio;-;-;-;-;trigon;trigon;-;-;-;trigon;-;-;konjukcio;-;-;-;konjukcio;-;-;-;-;-;konjukcio;-;-;-;-;-;kvadrat;-;-;-;-;konjukcio;-;-;-;-;konjukcio;-
113;['Lakberendező'];Nő;41;megvalósitó;nap-jupiter;független vagy kiszolgáltatott;a nap nem sérült;a hold nem sérült;hold;mars (oppozíció);skorpió;nyilas;bak;vízöntő;halak;kos;bika;ikrek;rák;oroszlán;szűz;mérleg;kos;mérleg;halak;halak;kos;mérleg;mérleg;nyilas;nyilas;mérleg;5;nincs hazur;11;nincs hazur;11;nincs hazur;nincs hazur;nincs hazur;11;5;4;5;5;11;4;5;5;11;11;1;2;12;oppozicio;-;konjukcio;konjukcio;oppozicio;oppozicio;trigon;kvadrat;-;-;oppozicio;oppozicio;konjukcio;konjukcio;-;-;-;-;-;-;-;kvadrat;-;-;konjukcio;-;-;trigon;kvadrat;-;oppozicio;oppozicio;trigon;-;-;konjukcio;-;-;-;-;-;-;-;-;-
114;['Építőipari vállalkozó'];Férfi;54;célkijelölő;jupiter;önfeláldozó;a nap nem sérült;a hold nem sérült;nap;jupiter (oppozíció);rák;rák;oroszlán;szűz;mérleg;skorpió;bak;bak;vízöntő;halak;kos;bika;vízöntő;mérleg;vízöntő;bak;kos;szűz;kos;szűz;skorpió;szűz;5;5;10;9;nincs hazur;nincs hazur;nincs hazur;nincs hazur;11;4;11;8;10;5;9;8;11;4;11;4;6;4;-;konjukcio;-;-;oppozicio;-;-;kvadrat;-;-;-;-;-;oppozicio;-;-;-;-;-;oppozicio;-;-;kvadrat;-;-;-;-;trigon;-;trigon;-;-;oppozicio;trigon;-;-;-;kvadrat;-;-;-;-;-;konjukcio;-
115;['Au pair', ' tanító', ' logisztikus'];Nő;35;megvalósitó;nap-jupiter;kiszolgáltatott;a nap nem sérült;a hold nem sérült;nap;uránusz (kvadrát);ikrek;ikrek;rák;oroszlán;szűz;mérleg;nyilas;nyilas;bak;vízöntő;halak;kos;halak;mérleg;halak;vízöntő;bika;kos;nyilas;nyilas;bak;skorpió;nincs hazur;nincs hazur;6;11;10;nincs hazur;nincs hazur;nincs hazur;7;nincs hazur;11;nincs hazur;11;6;10;10;12;11;7;8;8;6;-;-;-;-;konjukcio;kvadrat;kvadrat;-;-;-;trigon;-;-;-;-;-;-;-;-;-;-;-;-;-;kvadrat;-;-;-;-;kvadrat;-;-;-;-;oppozicio;-;kvadrat;kvadrat;-;konjukcio;-;-;-;-;-
116;['Természetgyógyász '];-;82;megvalósitó;szaturnusz;önfeláldozó;a nap nem sérült;a hold nem sérült;ASC;Nincs anaréta;nyilas;bak;halak;kos;bika;ikrek;ikrek;rák;szűz;mérleg;skorpió;nyilas;oroszlán;halak;oroszlán;oroszlán;bak;kos;bika;bika;szűz;oroszlán;3;4;nincs hazur;nincs hazur;8;8;8;2;nincs hazur;nincs hazur;2;3;8;2;8;8;2;3;4;5;9;8;-;-;-;-;trigon;-;-;-;-;-;-;-;-;-;-;-;-;-;-;-;-;kvadrat;-;-;oppozicio;-;kvadrat;-;-;konjukcio;-;kvadrat;trigon;-;oppozicio;-;-;-;trigon;-;-;kvadrat;trigon;-;-
117;['Asztrológus '];-;83;megvalósító;szaturnusz;önfeláldozó vagy áldozat;a nap nem sérült;a hold nem sérült;nap;Nincs anaréta;nyilas;bak;vízöntő;halak;kos;bika;ikrek;rák;oroszlán;szűz;mérleg;skorpió;szűz;szűz;szűz;skorpió;szűz;vízöntő;kos;bika;szűz;oroszlán;3;nincs hazur;4;nincs hazur;9;12;nincs hazur;9;10;9;nincs hazur;nincs hazur;10;9;9;12;9;3;4;6;9;8;-;-;-;-;-;-;-;konjukcio;-;konjukcio;-;konjukcio;-;-;trigon;-;-;-;konjukcio;-;-;trigon;konjukcio;-;-;-;-;oppozicio;-;-;-;-;-;-;-;-;kvadrat;-;-;-;-;-;trigon;-;-
118;['Közigazgatás: Nemzetközi nyugdíj ügyek elbírálása'];Nő;28;megvalósitó;nap;még nem tudjuk kiszámolni;a nap nem sérült;a hold nem sérült;nap;Nincs anaréta;halak;kos;bika;ikrek;rák;oroszlán;szűz;mérleg;skorpió;nyilas;bak;vízöntő;nyilas;kos;skorpió;skorpió;nyilas;skorpió;vízöntő;bak;bak;skorpió;8;nincs hazur;8;8;1;9;nincs hazur;nincs hazur;9;nincs hazur;nincs hazur;12;9;1;8;8;9;8;12;11;11;9;-;-;-;-;-;-;-;-;konjukcio;-;-;-;-;-;-;-;-;konjukcio;-;-;-;-;-;-;-;-;kvadrat;-;-;konjukcio;-;-;-;-;-;-;-;-;-;-;-;kvadrat;konjukcio;-;-
119;['Villamossági boltban alkalmazott'];Nő;38;megvalósitó;nap-jupiter;önfeláldozó;a nap nem sérült;a hold nem sérült;nap;uránusz (kvadrát);rák;rák;oroszlán;szűz;mérleg;skorpió;bak;bak;vízöntő;halak;kos;bika;halak;ikrek;halak;vízöntő;skorpió;bak;skorpió;nyilas;bak;skorpió;12;12;10;nincs hazur;9;6;5;5;nincs hazur;nincs hazur;nincs hazur;nincs hazur;10;12;10;9;6;7;5;6;6;5;-;konjukcio;-;trigon;-;trigon;kvadrat;-;-;-;-;-;-;-;-;-;-;-;trigon;-;trigon;kvadrat;-;-;kvadrat;-;kvadrat;-;-;-;-;-;-;-;-;-;-;konjukcio;-;-;-;-;-;-;-
